City_ID,City,Country,Date,Lat,Lng,Max Temp,Humidity,Cloudiness,Wind Speed
0,Lebu,CL,2020-04-14 17:51:56,-37.62,-73.65,61.63,49,94,7.58
1,Simpang,ID,2020-04-14 17:51:56,-1.27,104.08,79.77,84,78,6.15
2,Tuktoyaktuk,CA,2020-04-14 17:51:56,69.45,-133.04,17.6,92,40,10.29
3,Qaanaaq,GL,2020-04-14 17:51:56,77.48,-69.36,22.53,94,100,4.38
4,Tiksi,RU,2020-04-14 17:51:57,71.69,128.87,8.94,95,100,5.21
5,Saint-Pierre,RE,2020-04-14 17:51:57,-21.34,55.48,77.0,78,75,4.7
6,Hermanus,ZA,2020-04-14 17:51:57,-34.42,19.23,64.99,81,1,1.99
7,Cape Town,ZA,2020-04-14 17:51:57,-33.93,18.42,64.99,77,0,8.05
8,Rikitea,PF,2020-04-14 17:51:58,-23.12,-134.97,75.76,70,40,8.3
9,Dve Mogili,BG,2020-04-14 17:51:58,43.6,25.87,59.0,54,97,20.8
10,Busselton,AU,2020-04-14 17:47:47,-33.65,115.33,55.0,59,54,16.13
11,Moree,AU,2020-04-14 17:51:58,-29.47,149.85,60.8,77,0,11.41
12,Saskylakh,RU,2020-04-14 17:51:59,71.92,114.08,0.63,91,99,16.93
13,Severobaykalsk,RU,2020-04-14 17:51:59,55.65,109.32,29.52,71,0,2.8
14,New Norfolk,AU,2020-04-14 17:51:59,-42.78,147.06,60.01,82,90,9.17
15,Senanga,ZM,2020-04-14 17:51:59,-16.12,23.27,75.07,40,48,3.31
16,Henties Bay,NA,2020-04-14 17:51:59,-22.12,14.28,61.0,85,1,1.99
17,Port Elizabeth,ZA,2020-04-14 17:52:01,-33.92,25.57,62.6,93,18,5.82
18,Yellowknife,CA,2020-04-14 17:52:01,62.46,-114.35,28.0,73,90,6.93
19,Lillooet,CA,2020-04-14 17:52:02,50.69,-121.94,51.8,40,40,3.36
20,Ushuaia,AR,2020-04-14 17:52:03,-54.8,-68.3,48.2,76,100,5.97
21,Sherman,US,2020-04-14 17:50:48,33.64,-96.61,52.0,75,90,10.29
22,Torbay,CA,2020-04-14 17:52:03,47.67,-52.73,50.0,100,90,27.51
23,Grand Gaube,MU,2020-04-14 17:52:03,-20.01,57.66,78.01,88,75,18.34
24,Neryungri,RU,2020-04-14 17:52:04,56.67,124.65,24.57,88,69,3.4
25,Nuuk,GL,2020-04-14 17:48:40,64.18,-51.72,32.0,92,75,10.29
26,Lavrentiya,RU,2020-04-14 17:52:04,65.58,-171.0,27.34,97,100,10.31
27,Punta Arenas,CL,2020-04-14 17:52:04,-53.15,-70.92,53.6,62,75,19.46
28,Teknaf,BD,2020-04-14 17:52:04,20.86,92.31,75.9,86,0,2.08
29,Puerto Leguizamo,CO,2020-04-14 17:52:05,-0.19,-74.78,93.38,38,68,4.59
30,Nelson Bay,AU,2020-04-14 17:52:05,-32.72,152.15,60.01,93,0,5.82
31,Iqaluit,CA,2020-04-14 17:52:05,63.75,-68.51,19.4,62,90,12.75
32,Hilo,US,2020-04-14 17:51:00,19.73,-155.09,71.6,88,90,11.74
33,Georgetown,MY,2020-04-14 17:52:06,5.41,100.34,82.4,88,20,2.24
34,Nisia Floresta,BR,2020-04-14 17:52:06,-6.09,-35.21,89.6,55,40,12.75
35,Oistins,BB,2020-04-14 17:52:07,13.07,-59.53,86.0,58,40,20.8
36,Saint-Joseph,RE,2020-04-14 17:52:07,-21.37,55.62,77.0,78,75,4.7
37,Jamestown,US,2020-04-14 17:52:08,42.1,-79.24,43.0,40,1,6.93
38,Kapaa,US,2020-04-14 17:49:48,22.08,-159.32,71.6,94,75,5.82
39,Mar Del Plata,AR,2020-04-14 17:52:08,-38.0,-57.56,64.99,36,20,14.99
40,Samarai,PG,2020-04-14 17:52:08,-10.62,150.67,80.33,84,90,6.35
41,Rock Sound,BS,2020-04-14 17:52:08,24.9,-76.2,78.4,81,30,14.23
42,Tezu,IN,2020-04-14 17:52:09,27.92,96.17,75.65,38,18,3.8
43,Provideniya,RU,2020-04-14 17:52:09,64.38,-173.3,25.99,96,100,11.7
44,Geraldton,AU,2020-04-14 17:52:09,-28.77,114.6,64.4,77,40,9.17
45,Batesville,US,2020-04-14 17:52:10,35.77,-91.64,48.99,52,90,5.82
46,Bedele,ET,2020-04-14 17:52:10,8.46,36.35,65.5,34,60,3.62
47,Pizhanka,RU,2020-04-14 17:52:11,57.46,48.54,41.23,72,82,10.54
48,Albany,US,2020-04-14 17:47:17,42.6,-73.97,52.0,31,75,16.11
49,Dunedin,NZ,2020-04-14 17:50:14,-45.87,170.5,46.0,71,93,3.0
50,Faanui,PF,2020-04-14 17:52:12,-16.48,-151.75,82.2,72,25,6.06
51,Tuatapere,NZ,2020-04-14 17:52:12,-46.13,167.68,43.0,86,97,1.01
52,Atuona,PF,2020-04-14 17:52:12,-9.8,-139.03,82.13,69,62,4.47
53,Ponta Delgada,PT,2020-04-14 17:52:13,37.73,-25.67,60.8,72,40,12.75
54,Saint-Philippe,RE,2020-04-14 17:52:13,-21.36,55.77,77.0,78,75,4.7
55,Najran,SA,2020-04-14 17:52:13,17.49,44.13,75.2,64,75,5.82
56,Port Hardy,CA,2020-04-14 17:52:14,50.7,-127.42,51.8,71,40,4.7
57,Kruisfontein,ZA,2020-04-14 17:52:08,-34.0,24.73,57.2,86,3,6.89
58,Mwinilunga,ZM,2020-04-14 17:52:15,-11.74,24.43,65.41,62,63,3.02
59,Mataura,NZ,2020-04-14 17:52:15,-46.19,168.86,43.0,86,73,1.01
60,Hobart,AU,2020-04-14 17:52:09,-42.88,147.33,60.01,82,90,9.17
61,Ghanzi,BW,2020-04-14 17:52:16,-21.57,21.78,77.05,27,84,7.9
62,Bafut,CM,2020-04-14 17:52:16,6.08,10.1,71.31,51,75,1.14
63,Ilulissat,GL,2020-04-14 17:52:16,69.22,-51.1,28.4,74,75,3.36
64,Surt,LY,2020-04-14 17:49:16,31.21,16.59,83.28,25,91,4.72
65,Bengkulu,ID,2020-04-14 17:52:17,-3.8,102.27,79.52,82,100,2.86
66,Bambous Virieux,MU,2020-04-14 17:52:17,-20.34,57.76,78.01,88,75,18.34
67,Athens,GR,2020-04-14 17:50:26,37.98,23.72,68.0,63,75,6.13
68,Tobermory,CA,2020-04-14 17:52:18,45.25,-81.67,37.0,56,46,10.0
69,Talisayan,PH,2020-04-14 17:52:18,6.99,121.93,78.39,77,36,1.77
70,Port Blair,IN,2020-04-14 17:50:00,11.67,92.75,83.3,73,89,7.92
71,Bredasdorp,ZA,2020-04-14 17:52:19,-34.53,20.04,61.0,77,0,2.24
72,Carnarvon,AU,2020-04-14 17:52:19,-24.87,113.63,73.4,78,29,18.34
73,Bluff,NZ,2020-04-14 17:52:19,-46.6,168.33,43.0,86,66,1.01
74,Ostrovnoy,RU,2020-04-14 17:52:19,68.05,39.51,35.51,85,89,13.15
75,Butaritari,KI,2020-04-14 17:52:19,3.07,172.79,83.62,80,37,17.67
76,Isangel,VU,2020-04-14 17:52:20,-19.55,169.27,78.51,77,100,11.7
77,Castro,BR,2020-04-14 17:50:54,-24.79,-50.01,68.86,53,89,7.23
78,Grand-Lahou,CI,2020-04-14 17:52:20,5.14,-5.02,84.38,75,12,9.04
79,Bathsheba,BB,2020-04-14 17:52:20,13.22,-59.52,86.0,58,40,20.8
80,Kavaratti,IN,2020-04-14 17:52:20,10.57,72.64,84.69,74,33,10.56
81,Ribeira Grande,PT,2020-04-14 17:52:21,38.52,-28.7,55.4,76,75,20.8
82,Khatanga,RU,2020-04-14 17:52:21,71.97,102.5,-5.08,90,5,6.13
83,Puerto Ayora,EC,2020-04-14 17:52:12,-0.74,-90.35,82.99,78,75,4.7
84,Marawi,PH,2020-04-14 17:52:21,8.0,124.29,67.73,67,2,2.59
85,Avarua,CK,2020-04-14 17:52:21,-21.21,-159.78,77.0,69,82,8.05
86,Mamakan,RU,2020-04-14 17:52:21,57.82,114.0,32.43,82,0,1.34
87,Santa Vitoria Do Palmar,BR,2020-04-14 17:52:22,-33.52,-53.37,61.79,81,93,21.09
88,Deshnok,IN,2020-04-14 17:52:22,27.8,73.34,89.02,11,86,10.27
89,Tabory,RU,2020-04-14 17:52:22,58.52,64.55,37.83,76,61,2.77
90,Marrakesh,MA,2020-04-14 17:52:22,31.63,-8.01,73.4,38,40,13.87
91,Broome,US,2020-04-14 17:52:22,42.25,-75.83,48.0,38,20,4.7
92,Gat,IL,2020-04-14 17:51:04,31.61,34.76,66.99,77,0,5.82
93,Barrow,US,2020-04-14 17:52:24,71.29,-156.79,12.2,85,90,5.82
94,Touros,BR,2020-04-14 17:52:25,-5.2,-35.46,89.6,55,40,10.29
95,Vaini,TO,2020-04-14 17:52:25,-21.2,-175.2,71.6,94,40,3.36
96,Cap-Aux-Meules,CA,2020-04-14 17:52:25,47.38,-61.86,48.2,70,75,24.16
97,Tasiilaq,GL,2020-04-14 17:52:13,65.61,-37.64,35.6,40,20,12.75
98,Barinitas,VE,2020-04-14 17:52:26,8.76,-70.41,88.63,33,67,3.67
99,Egvekinot,RU,2020-04-14 17:52:26,66.32,-179.17,16.75,92,100,7.23
100,Nikolskoye,RU,2020-04-14 17:52:26,59.7,30.79,35.6,92,90,2.24
101,East London,ZA,2020-04-14 17:52:27,-33.02,27.91,64.44,77,100,5.14
102,Sarkand,KZ,2020-04-14 17:52:27,45.41,79.92,50.9,52,100,4.16
103,Thompson,CA,2020-04-14 17:52:02,55.74,-97.86,17.6,48,40,13.87
104,Termiz,UZ,2020-04-14 17:52:27,37.22,67.28,59.0,81,90,13.87
105,Faaone,PF,2020-04-14 17:52:28,-17.67,-149.3,84.2,74,36,2.24
106,Port Lincoln,AU,2020-04-14 17:52:28,-34.73,135.87,70.27,31,94,14.72
107,Plyussa,RU,2020-04-14 17:52:28,58.43,29.37,32.97,91,98,6.31
108,Lompoc,US,2020-04-14 17:52:28,34.64,-120.46,70.0,82,1,6.29
109,Dikson,RU,2020-04-14 17:52:29,73.51,80.55,10.78,95,100,10.83
110,Camana,PE,2020-04-14 17:52:29,-16.62,-72.71,75.52,60,58,8.28
111,Ancud,CL,2020-04-14 17:52:29,-41.87,-73.82,51.8,100,20,4.7
112,Pangnirtung,CA,2020-04-14 17:52:29,66.15,-65.71,14.0,66,20,2.24
113,Fairbanks,US,2020-04-14 17:52:30,64.84,-147.72,36.0,82,1,6.93
114,Catalina,US,2020-04-14 17:52:30,32.51,-110.92,72.0,30,1,4.41
115,Makkaveyevo,RU,2020-04-14 17:52:30,51.75,113.95,35.6,80,100,11.12
116,Inongo,CD,2020-04-14 17:52:31,-1.95,18.27,78.91,64,33,1.25
117,Ponta Do Sol,PT,2020-04-14 17:52:31,32.67,-17.1,66.2,55,40,4.7
118,Kodiak,US,2020-04-14 17:52:34,57.79,-152.41,41.0,93,90,8.72
119,Pacific Grove,US,2020-04-14 17:49:04,36.62,-121.92,69.01,63,1,3.36
120,Inhambane,MZ,2020-04-14 17:52:27,-23.86,35.38,78.8,83,40,6.93
121,Sola,VU,2020-04-14 17:52:34,-13.88,167.55,81.63,82,100,19.3
122,Lagoa,PT,2020-04-14 17:52:35,39.05,-27.98,53.51,83,100,23.06
123,Eyl,SO,2020-04-14 17:52:35,7.98,49.82,84.54,72,85,12.28
124,Praia Da Vitoria,PT,2020-04-14 17:52:35,38.73,-27.07,60.8,72,75,11.43
125,Svetlogorsk,BY,2020-04-14 17:52:36,52.63,29.73,38.3,66,80,7.78
126,Xuddur,SO,2020-04-14 17:52:36,4.12,43.89,83.01,54,89,13.89
127,Luena,AO,2020-04-14 17:52:37,-11.78,19.92,67.35,61,92,2.64
128,San Carlos De Bariloche,AR,2020-04-14 17:52:37,-41.15,-71.31,55.4,37,40,4.7
129,Padilla,CO,2020-04-14 17:52:37,3.22,-76.31,77.0,83,75,3.36
130,Paamiut,GL,2020-04-14 17:52:38,61.99,-49.67,29.77,86,11,1.59
131,Harper,LR,2020-04-14 17:52:38,4.38,-7.72,83.55,74,89,5.61
132,Arraial Do Cabo,BR,2020-04-14 17:52:38,-22.97,-42.03,82.4,61,3,18.34
133,Port Hedland,AU,2020-04-14 17:52:39,-20.32,118.57,78.8,88,12,5.82
134,Longyearbyen,SJ,2020-04-14 17:48:27,78.22,15.64,32.0,94,75,17.22
135,Belaya Gora,RU,2020-04-14 17:52:39,68.53,146.42,-9.98,88,6,3.8
136,Namibe,AO,2020-04-14 17:52:40,-15.2,12.15,74.5,72,1,9.53
137,Ngama,TD,2020-04-14 17:52:40,11.78,17.17,92.68,10,4,9.71
138,Norman Wells,CA,2020-04-14 17:52:40,65.28,-126.83,32.0,94,75,19.46
139,Kurilsk,RU,2020-04-14 17:52:40,45.23,147.88,29.84,95,100,15.43
140,Broomall,US,2020-04-14 17:52:40,39.98,-75.36,57.99,34,75,6.93
141,Vila Franca Do Campo,PT,2020-04-14 17:52:41,37.72,-25.43,60.8,72,40,12.75
142,Hamilton,US,2020-04-14 17:52:33,39.18,-84.53,46.99,39,20,4.7
143,Price,US,2020-04-14 17:52:41,39.6,-110.81,42.01,23,1,6.93
144,Pevek,RU,2020-04-14 17:52:42,69.7,170.31,5.27,89,91,1.7
145,Tatawin,TN,2020-04-14 17:52:42,32.93,10.45,89.6,10,100,17.22
146,Luba,GQ,2020-04-14 17:52:42,3.46,8.55,86.0,79,20,5.82
147,Hithadhoo,MV,2020-04-14 17:52:42,-0.6,73.08,85.69,64,49,1.83
148,Mangrol,IN,2020-04-14 17:52:43,21.12,70.12,82.38,48,3,15.79
149,Talaya,RU,2020-04-14 17:52:45,61.38,152.75,13.51,88,100,4.85
150,Berdigestyakh,RU,2020-04-14 17:52:40,62.1,126.7,24.3,95,92,5.97
151,Sur,OM,2020-04-14 17:52:45,22.57,59.53,82.87,54,64,5.99
152,Jacareacanga,BR,2020-04-14 17:52:46,-6.22,-57.75,80.24,73,99,2.82
153,Dehloran,IR,2020-04-14 17:52:47,32.69,47.27,72.3,22,65,4.85
154,Upernavik,GL,2020-04-14 17:52:39,72.79,-56.15,24.46,93,100,7.85
155,Gafanha Da Encarnacao,PT,2020-04-14 17:52:47,40.62,-8.73,70.0,72,75,8.05
156,Hit,IQ,2020-04-14 17:52:48,33.64,42.83,72.63,22,0,6.85
157,North Platte,US,2020-04-14 17:52:48,41.12,-100.77,42.8,28,20,20.8
158,Puerto Escondido,MX,2020-04-14 17:49:39,15.85,-97.07,80.6,69,20,6.93
159,Ilo,PE,2020-04-14 17:52:49,-17.64,-71.34,72.3,67,26,2.8
160,Salym,RU,2020-04-14 17:52:49,60.06,71.48,43.88,94,100,8.39
161,Saint George,US,2020-04-14 17:49:57,37.1,-113.58,55.99,18,1,4.27
162,Plettenberg Bay,ZA,2020-04-14 17:52:50,-34.05,23.37,60.49,80,0,3.87
163,Anchorage,US,2020-04-14 17:52:50,61.22,-149.9,37.99,86,90,3.36
164,Hofn,IS,2020-04-14 17:52:29,64.25,-15.21,41.32,68,97,15.01
165,Mahebourg,MU,2020-04-14 17:52:50,-20.41,57.7,78.01,88,75,18.34
166,Pokosnoye,RU,2020-04-14 17:52:51,55.53,101.05,35.92,68,0,2.01
167,Bethel,US,2020-04-14 17:52:51,41.37,-73.41,55.99,40,90,6.93
168,College,US,2020-04-14 17:52:51,64.86,-147.8,37.4,86,40,5.82
169,Darnah,LY,2020-04-14 17:52:52,32.77,22.64,67.68,48,27,15.82
170,Marsh Harbour,BS,2020-04-14 17:52:52,26.54,-77.06,78.8,76,98,14.09
171,Port Alfred,ZA,2020-04-14 17:52:27,-33.59,26.89,62.01,93,88,3.0
172,Tianpeng,CN,2020-04-14 17:52:53,30.99,103.94,64.0,93,4,3.33
173,Karratha,AU,2020-04-14 17:50:51,-20.74,116.85,82.24,70,15,1.99
174,Cidreira,BR,2020-04-14 17:52:53,-30.18,-50.21,68.56,61,42,25.37
175,Cherskiy,RU,2020-04-14 17:52:54,68.75,161.3,7.84,95,97,9.19
176,Rancho Palos Verdes,US,2020-04-14 17:52:54,33.74,-118.39,70.0,82,40,8.05
177,San Quintin,MX,2020-04-14 17:52:54,30.48,-115.95,64.51,66,56,9.91
178,Key West,US,2020-04-14 17:50:02,24.56,-81.78,87.8,79,40,9.17
179,Wuwei,CN,2020-04-14 17:52:55,37.93,102.64,57.99,21,81,5.5
180,Esperance,AU,2020-04-14 17:52:55,-33.87,121.9,60.8,93,75,6.93
181,Mendeleyevsk,RU,2020-04-14 17:52:56,55.91,52.29,41.0,80,24,15.66
182,Nanortalik,GL,2020-04-14 17:52:45,60.14,-45.24,30.49,93,15,10.51
183,Sherbakul,RU,2020-04-14 17:52:56,54.63,72.4,37.4,100,75,6.71
184,Vanavara,RU,2020-04-14 17:52:56,60.34,102.28,34.02,80,0,1.7
185,Magomeni,TZ,2020-04-14 17:49:29,-6.8,39.25,80.6,88,40,5.82
186,Caraycaray,PH,2020-04-14 17:52:57,11.56,124.42,77.04,81,6,8.48
187,Charqueadas,BR,2020-04-14 17:50:14,-29.95,-51.63,70.0,52,40,21.92
188,Porto Santo,PT,2020-04-14 17:52:57,33.07,-16.34,66.2,59,20,21.92
189,Aklavik,CA,2020-04-14 17:52:57,68.22,-135.01,30.2,80,75,2.24
190,Kampot,KH,2020-04-14 17:52:58,10.62,104.18,80.74,78,83,8.79
191,Kaitangata,NZ,2020-04-14 17:52:28,-46.28,169.85,45.0,58,89,5.01
192,Lasa,IT,2020-04-14 17:52:58,46.62,10.7,64.4,32,5,6.93
193,Chuy,UY,2020-04-14 17:52:24,-33.7,-53.46,61.38,84,94,20.87
194,Christchurch,NZ,2020-04-14 17:49:55,-43.53,172.63,48.99,65,9,10.29
195,Leningradskiy,RU,2020-04-14 17:52:59,69.38,178.42,5.74,89,80,3.56
196,Dryden,CA,2020-04-14 17:49:09,49.78,-92.75,21.2,44,90,9.17
197,San Cristobal,VE,2020-04-14 17:52:21,7.77,-72.22,89.6,49,40,8.05
198,Shimoda,JP,2020-04-14 17:53:01,34.67,138.95,57.29,56,0,2.71
199,Saldanha,ZA,2020-04-14 17:53:01,-33.01,17.94,64.4,68,0,8.05
200,Haines Junction,CA,2020-04-14 17:53:01,60.75,-137.51,36.5,62,45,1.41
201,Kahului,US,2020-04-14 17:53:05,20.89,-156.47,73.4,83,40,5.82
202,Quisqueya,DO,2020-04-14 17:53:05,18.56,-69.41,91.4,58,40,11.41
203,Rafraf,TN,2020-04-14 17:53:05,37.19,10.18,68.0,77,40,11.41
204,Vanimo,PG,2020-04-14 17:53:07,-2.67,141.3,80.1,80,59,4.97
205,Mount Isa,AU,2020-04-14 17:48:37,-20.73,139.5,75.2,31,46,6.93
206,Mahibadhoo,MV,2020-04-14 17:53:07,3.78,72.97,85.89,68,26,6.93
207,Ekhabi,RU,2020-04-14 17:53:08,53.51,142.97,26.91,98,99,10.47
208,Padang,ID,2020-04-14 17:53:08,-0.95,100.35,79.02,73,91,1.48
209,Katsuura,JP,2020-04-14 17:53:08,35.13,140.3,48.2,49,1,4.7
210,Flinders,AU,2020-04-14 17:53:08,-34.58,150.86,60.8,82,23,9.17
211,Petropavlovsk-Kamchatskiy,RU,2020-04-14 17:53:09,53.05,158.65,21.2,79,31,2.24
212,Cayenne,GF,2020-04-14 17:53:09,4.93,-52.33,86.0,55,75,9.17
213,Alice Springs,AU,2020-04-14 17:52:39,-23.7,133.88,57.2,24,60,3.36
214,Fortuna,US,2020-04-14 17:53:09,40.6,-124.16,61.0,67,20,4.7
215,Te Anau,NZ,2020-04-14 17:53:09,-45.42,167.72,36.57,75,66,1.95
216,Gualeguay,AR,2020-04-14 17:53:10,-33.14,-59.31,69.46,34,0,13.15
217,Blagoveshchenka,RU,2020-04-14 17:53:10,52.83,79.87,46.42,59,1,11.72
218,Bandarbeyla,SO,2020-04-14 17:53:10,9.49,50.81,83.08,73,27,11.43
219,Asilah,MA,2020-04-14 17:53:10,35.47,-6.03,66.2,72,75,6.93
220,Belfast,GB,2020-04-14 17:52:12,54.58,-5.93,59.0,51,15,5.82
221,Phuket,TH,2020-04-14 17:53:11,8.0,98.25,82.4,78,20,12.73
222,Batagay-Alyta,RU,2020-04-14 17:53:11,67.8,130.41,10.13,87,100,4.76
223,Souillac,MU,2020-04-14 17:53:11,-20.52,57.52,78.01,88,75,18.34
224,Vao,NC,2020-04-14 17:53:12,-22.67,167.48,73.94,78,100,15.79
225,Kapit,MY,2020-04-14 17:53:12,2.02,112.93,74.88,94,58,1.07
226,Fuerte,PH,2020-04-14 17:53:12,17.54,120.36,76.89,78,48,1.25
227,Lorengau,PG,2020-04-14 17:53:12,-2.02,147.27,81.36,75,94,3.31
228,Buluang,PH,2020-04-14 17:53:13,13.31,123.34,76.06,88,17,4.99
229,Alofi,NU,2020-04-14 17:53:13,-19.06,-169.92,73.4,94,100,4.7
230,Bucerias,MX,2020-04-14 17:53:13,20.75,-105.33,75.2,57,40,6.93
231,Russell,US,2020-04-14 17:53:13,32.35,-85.2,72.0,64,1,3.36
232,Luderitz,NA,2020-04-14 17:53:16,-26.65,15.16,60.8,77,10,18.34
233,Narsaq,GL,2020-04-14 17:53:16,60.92,-46.05,33.8,40,75,2.24
234,Fushan,CN,2020-04-14 17:53:16,37.5,121.26,54.01,44,100,7.4
235,Shubarshi,KZ,2020-04-14 17:53:16,48.59,57.19,43.25,54,0,7.34
236,Havoysund,NO,2020-04-14 17:53:16,71.0,24.66,35.6,74,75,5.82
237,Puerto Baquerizo Moreno,EC,2020-04-14 17:50:08,-0.9,-89.6,78.3,81,84,6.96
238,Smoky Lake,CA,2020-04-14 17:53:17,54.12,-112.47,31.87,80,99,1.79
239,Davila,PH,2020-04-14 17:53:17,18.47,120.58,76.96,74,20,4.34
240,Mercedes,AR,2020-04-14 17:53:17,-34.65,-59.43,70.0,22,0,11.01
241,Aquiraz,BR,2020-04-14 17:53:18,-3.9,-38.39,89.6,55,20,6.93
242,Mae Sai,TH,2020-04-14 17:53:18,20.43,99.88,75.0,94,17,2.24
243,Vaitape,PF,2020-04-14 17:53:18,-16.52,-151.75,82.99,71,48,5.82
244,Chalchihuites,MX,2020-04-14 17:53:19,23.48,-103.88,72.93,6,72,7.56
245,Salalah,OM,2020-04-14 17:52:34,17.02,54.09,82.4,69,20,6.93
246,Talnakh,RU,2020-04-14 17:53:19,69.49,88.4,1.4,84,30,17.9
247,Constitucion,CL,2020-04-14 17:49:18,-35.33,-72.42,66.79,36,55,6.67
248,Nemuro,JP,2020-04-14 17:53:20,43.32,145.57,32.11,93,91,20.65
249,Gbarnga,LR,2020-04-14 17:53:20,7.0,-9.47,81.14,79,99,3.33
250,Warrnambool,AU,2020-04-14 17:53:20,-38.38,142.48,62.01,63,98,7.36
251,Zalantun,CN,2020-04-14 17:53:21,48.0,122.72,44.01,70,91,3.0
252,Cockburn Town,TC,2020-04-14 17:53:21,21.46,-71.14,78.87,81,16,18.12
253,Uglovskoye,RU,2020-04-14 17:53:21,51.36,80.19,50.22,56,0,10.4
254,Visby,SE,2020-04-14 17:51:32,57.64,18.3,44.01,62,65,11.41
255,Madimba,TZ,2020-04-14 17:53:22,-10.4,40.33,78.8,94,75,7.29
256,Ulaangom,MN,2020-04-14 17:53:25,49.98,92.07,30.4,68,97,0.67
257,Dudinka,RU,2020-04-14 17:53:25,69.41,86.18,1.4,84,38,17.9
258,Vostok,RU,2020-04-14 17:53:25,46.49,135.88,27.68,82,61,2.17
259,Makaryev,RU,2020-04-14 17:53:26,57.88,43.81,49.03,79,79,5.99
260,Tarabuco,BO,2020-04-14 17:53:26,-19.17,-64.92,52.68,30,65,7.67
261,Prince Rupert,CA,2020-04-14 17:53:26,54.32,-130.32,44.6,100,90,2.24
262,Guarapari,BR,2020-04-14 17:53:26,-20.67,-40.5,82.0,61,40,6.93
263,Normandin,CA,2020-04-14 17:53:26,48.83,-72.53,37.99,40,75,25.28
264,Avera,US,2020-04-14 17:52:28,33.19,-82.53,82.0,50,1,9.17
265,Mount Gambier,AU,2020-04-14 17:53:07,-37.83,140.77,60.8,44,99,11.41
266,Los Llanos De Aridane,ES,2020-04-14 17:53:27,28.66,-17.92,69.8,60,75,5.82
267,Coffeyville,US,2020-04-14 17:53:28,37.04,-95.62,48.99,34,90,5.82
268,Grakhovo,RU,2020-04-14 17:53:29,56.05,51.97,41.0,80,22,15.66
269,Bakchar,RU,2020-04-14 17:53:29,57.02,82.07,39.24,88,1,2.86
270,Great Bend,US,2020-04-14 17:53:29,38.36,-98.76,48.0,33,40,16.11
271,Ayia Galini,GR,2020-04-14 17:53:29,35.1,24.68,69.8,21,26,14.99
272,Warrington,GB,2020-04-14 17:53:30,53.39,-2.58,57.0,43,12,3.36
273,Newburgh,US,2020-04-14 17:53:30,41.5,-74.01,57.0,37,90,13.87
274,San Patricio,MX,2020-04-14 17:52:15,19.22,-104.7,77.0,69,5,11.41
275,Celestun,MX,2020-04-14 17:53:30,20.87,-90.4,87.24,60,13,12.77
276,Hasaki,JP,2020-04-14 17:52:11,35.73,140.83,44.6,52,20,5.82
277,Clyde River,CA,2020-04-14 17:53:31,70.47,-68.59,12.2,85,40,4.7
278,Victoria,HK,2020-04-14 17:52:25,22.29,114.16,70.0,64,20,3.36
279,Nizhniy Kuranakh,RU,2020-04-14 17:53:32,58.84,125.49,26.98,92,0,2.73
280,Natchez,US,2020-04-14 17:53:32,31.56,-91.4,64.0,55,1,13.87
281,Cherepovets,RU,2020-04-14 17:53:32,59.13,37.9,36.57,76,100,4.45
282,Bibiani,GH,2020-04-14 17:53:32,6.46,-2.32,85.26,62,52,4.18
283,Merauke,ID,2020-04-14 17:53:35,-8.47,140.33,77.4,88,79,9.89
284,Gizo,SB,2020-04-14 17:53:35,-8.1,156.84,81.59,81,47,7.4
285,Oyama,JP,2020-04-14 17:53:37,36.3,139.8,53.01,80,20,1.12
286,Sarakhs,IR,2020-04-14 17:53:37,36.54,61.16,46.4,100,90,4.7
287,Ufimskiy,RU,2020-04-14 17:53:37,56.71,58.05,33.89,82,57,5.95
288,Saint-Augustin,CA,2020-04-14 17:53:38,51.23,-58.65,39.29,90,98,18.86
289,Chiredzi,ZW,2020-04-14 17:53:38,-21.05,31.67,77.07,36,0,7.4
290,Tahoua,NE,2020-04-14 17:52:24,14.89,5.27,104.0,4,23,16.11
291,Atar,MR,2020-04-14 17:53:39,20.52,-13.05,93.02,14,37,16.73
292,Tromso,NO,2020-04-14 17:51:53,69.65,18.96,35.6,51,100,23.04
293,Guaratuba,BR,2020-04-14 17:49:19,-25.88,-48.57,81.0,65,20,3.36
294,Varna,BG,2020-04-14 17:53:40,43.22,27.92,68.0,40,96,6.93
295,Sinnamary,GF,2020-04-14 17:53:40,5.38,-52.95,81.39,66,77,9.66
296,Znamenskoye,RU,2020-04-14 17:53:40,57.13,73.83,41.34,92,100,7.7
297,Requena,ES,2020-04-14 17:53:41,39.49,-1.1,64.99,77,40,8.05
298,Abu Kamal,SY,2020-04-14 17:53:41,34.45,40.92,70.83,21,0,8.28
299,Turukhansk,RU,2020-04-14 17:53:41,65.82,87.98,24.91,97,62,3.29
300,Shahabad,IN,2020-04-14 17:53:42,27.65,79.95,87.78,24,89,3.74
301,Pilar,BR,2020-04-14 17:53:42,-9.6,-35.96,87.8,55,20,8.05
302,Yar-Sale,RU,2020-04-14 17:52:05,66.83,70.83,25.95,98,92,6.31
303,Altina,RO,2020-04-14 17:53:43,45.93,24.47,43.0,93,90,3.36
304,Berlevag,NO,2020-04-14 17:53:43,70.86,29.09,32.0,87,75,14.99
305,Mezen,RU,2020-04-14 17:53:43,65.85,44.24,35.46,88,99,13.49
306,Rameshki,RU,2020-04-14 17:53:44,57.34,36.05,37.53,70,100,6.2
307,Rawson,AR,2020-04-14 17:53:45,-43.3,-65.1,65.68,37,4,2.64
308,Semporna,MY,2020-04-14 17:53:48,4.48,118.61,75.2,94,20,5.82
309,Marquette,US,2020-04-14 17:50:13,46.53,-87.63,30.0,38,75,11.41
310,Vardo,NO,2020-04-14 17:52:53,70.37,31.11,33.8,94,75,13.87
311,Kulhudhuffushi,MV,2020-04-14 17:53:48,6.62,73.07,85.69,63,34,2.21
312,Subiaco,IT,2020-04-14 17:53:48,41.93,13.09,60.01,87,75,2.24
313,Komsomolets,KZ,2020-04-14 17:50:17,53.75,62.07,36.48,75,46,12.24
314,Severo-Kurilsk,RU,2020-04-14 17:52:46,50.68,156.12,28.74,93,100,14.94
315,Khandbari,NP,2020-04-14 17:53:49,27.37,87.2,71.4,32,88,4.38
316,Wilmington,US,2020-04-14 17:53:08,34.23,-77.94,80.01,60,1,12.75
317,Komsomolskiy,UZ,2020-04-14 17:53:49,40.43,71.72,57.2,82,100,1.19
318,Arica,CL,2020-04-14 17:50:30,-18.48,-70.3,75.2,57,1,11.41
319,Naryan-Mar,RU,2020-04-14 17:53:49,67.67,53.09,34.43,93,98,11.7
320,Sechura,PE,2020-04-14 17:53:50,-5.56,-80.82,77.83,65,63,6.89
321,Krasnoarmeysk,RU,2020-04-14 17:53:50,51.02,45.7,52.0,34,82,1.99
322,Richards Bay,ZA,2020-04-14 17:53:51,-28.78,32.04,69.57,90,84,26.24
323,Kloulklubed,PW,2020-04-14 17:53:51,7.04,134.26,77.0,94,90,11.41
324,Leshukonskoye,RU,2020-04-14 17:53:51,64.9,45.76,36.45,85,98,11.79
325,Jieshi,CN,2020-04-14 17:53:52,22.81,115.83,65.46,79,76,1.88
326,Balabac,PH,2020-04-14 17:53:52,7.99,117.06,81.36,75,0,9.53
327,Bodden Town,KY,2020-04-14 17:53:52,19.28,-81.25,86.0,74,20,9.17
328,Port Shepstone,ZA,2020-04-14 17:53:52,-30.74,30.45,65.12,86,100,12.59
329,Kimbe,PG,2020-04-14 17:53:53,-5.55,150.14,76.17,91,99,2.08
330,Nouadhibou,MR,2020-04-14 17:53:53,20.93,-17.03,71.6,53,0,21.92
331,Northam,GB,2020-04-14 17:53:53,51.03,-4.22,51.01,71,0,4.0
332,Amahai,ID,2020-04-14 17:53:53,-3.33,128.92,80.55,78,82,5.3
333,Thinadhoo,MV,2020-04-14 17:52:13,0.53,72.93,86.09,62,26,2.13
334,Dunmore Town,BS,2020-04-14 17:53:54,25.5,-76.65,77.95,83,87,14.7
335,San Policarpo,PH,2020-04-14 17:53:54,12.18,125.51,80.73,77,58,8.28
336,Predivinsk,RU,2020-04-14 17:53:54,57.07,93.44,40.75,72,76,3.67
337,Itaborai,BR,2020-04-14 17:53:27,-22.74,-42.86,91.4,65,22,4.7
338,Chokurdakh,RU,2020-04-14 17:53:55,70.63,147.92,-16.02,89,52,5.14
339,Santander,ES,2020-04-14 17:53:56,43.46,-3.8,66.99,77,12,12.75
340,Coolum Beach,AU,2020-04-14 17:53:56,-26.53,153.1,66.0,87,13,4.59
341,Baruun-Urt,MN,2020-04-14 17:53:56,46.68,113.28,50.52,24,99,8.37
342,Port-Gentil,GA,2020-04-14 17:52:51,-0.72,8.78,86.0,79,75,11.41
343,Namatanai,PG,2020-04-14 17:53:57,-3.67,152.43,80.91,76,92,4.07
344,Fort Nelson,CA,2020-04-14 17:53:57,58.81,-122.7,39.2,93,90,11.41
345,Sambava,MG,2020-04-14 17:53:57,-14.27,50.17,76.21,84,56,6.8
346,Champerico,GT,2020-04-14 17:53:58,14.3,-91.92,91.4,52,20,8.37
347,Ponnani,IN,2020-04-14 17:53:58,10.77,75.93,83.52,80,25,4.88
348,Zhoucun,CN,2020-04-14 17:53:58,36.82,117.82,64.99,34,98,1.99
349,Krasnyy,RU,2020-04-14 17:53:58,54.57,31.43,36.86,70,70,7.96
350,Airai,TL,2020-04-14 17:53:58,-8.93,125.41,60.8,68,94,2.13
351,Maniitsoq,GL,2020-04-14 17:53:59,65.42,-52.9,27.82,92,100,11.65
352,Saint Anthony,US,2020-04-14 17:53:59,45.02,-93.22,28.99,68,40,9.17
353,Dedougou,BF,2020-04-14 17:53:59,12.47,-3.47,102.22,14,61,2.68
354,Guaira,BR,2020-04-14 17:53:59,-20.32,-48.31,73.24,75,96,3.02
355,Mana,GF,2020-04-14 17:54:00,5.66,-53.78,84.15,58,82,7.83
356,Pokhara,NP,2020-04-14 17:54:00,28.23,83.98,65.32,32,67,3.49
357,Pierre,US,2020-04-14 17:50:01,44.37,-100.35,36.0,56,1,9.17
358,Cangzhou,CN,2020-04-14 17:54:00,38.32,116.87,59.56,43,17,10.42
359,Huangcun,CN,2020-04-14 17:54:00,30.01,118.4,49.21,82,78,1.36
360,Yashan,CN,2020-04-14 17:54:01,22.2,109.94,62.15,74,89,1.23
361,Dimbokro,CI,2020-04-14 17:54:01,6.65,-4.7,88.79,57,49,2.55
362,Deputatskiy,RU,2020-04-14 17:54:01,69.3,139.9,-7.56,82,67,3.04
363,Ornskoldsvik,SE,2020-04-14 17:54:01,63.29,18.72,37.4,51,100,12.75
364,Sitka,US,2020-04-14 17:54:02,57.05,-135.33,44.6,87,90,2.26
365,Bara,NG,2020-04-14 17:54:02,10.37,10.73,95.0,10,71,4.36
366,Guerrero Negro,MX,2020-04-14 17:54:02,27.98,-114.06,64.4,62,91,12.95
367,Fukue,JP,2020-04-14 17:54:03,32.69,128.84,59.31,54,99,8.08
368,Douglas,US,2020-04-14 17:49:41,41.3,-96.17,44.01,32,40,13.87
369,Hovd,MN,2020-04-14 17:54:03,48.01,91.64,42.67,50,100,3.44
370,Praia,CV,2020-04-14 17:50:07,14.92,-23.51,82.4,51,75,23.04
371,Knysna,ZA,2020-04-14 17:54:04,-34.04,23.05,57.2,93,20,3.36
372,Mincivan,AZ,2020-04-14 17:54:04,39.03,46.72,51.91,62,1,1.52
373,Laguna,US,2020-04-14 17:54:04,38.42,-121.42,68.0,31,1,12.75
374,Maki,JP,2020-04-14 17:54:05,37.75,138.88,41.0,86,0,1.12
375,Kutum,SD,2020-04-14 17:54:05,14.2,24.67,70.48,13,5,10.27
376,San Roque,ES,2020-04-14 17:54:05,36.21,-5.38,66.2,72,20,6.93
377,Auchi,NG,2020-04-14 17:54:05,7.07,6.27,89.73,43,93,5.01
378,Emirdag,TR,2020-04-14 17:54:06,39.02,31.15,55.56,33,67,10.36
379,Kiruna,SE,2020-04-14 17:54:06,67.86,20.23,30.2,58,100,4.7
380,Kearney,US,2020-04-14 17:54:06,40.7,-99.08,42.8,41,40,19.46
381,Ketchikan,US,2020-04-14 17:54:06,55.34,-131.65,44.6,100,90,4.7
382,Meulaboh,ID,2020-04-14 17:54:07,4.14,96.13,79.45,79,100,3.09
383,Bilibino,RU,2020-04-14 17:54:07,68.05,166.44,1.38,85,58,1.72
384,Pisco,PE,2020-04-14 17:54:07,-13.7,-76.22,78.01,30,75,5.82
385,Atambua,ID,2020-04-14 17:54:07,-9.11,124.89,74.53,79,78,4.05
386,Belyy Yar,RU,2020-04-14 17:54:07,53.6,91.39,42.8,93,59,2.24
387,Honningsvag,NO,2020-04-14 17:54:08,70.98,25.97,35.6,74,75,5.82
388,Carballo,ES,2020-04-14 17:52:49,43.21,-8.69,68.0,64,49,2.24
389,Kholmogory,RU,2020-04-14 17:54:08,64.22,41.66,39.2,82,40,11.74
390,Puerto Gaitan,CO,2020-04-14 17:54:08,4.31,-72.08,94.82,33,0,14.12
391,Axim,GH,2020-04-14 17:54:09,4.87,-2.24,84.15,75,39,7.07
392,Tarakan,ID,2020-04-14 17:54:09,3.3,117.63,79.7,71,10,1.54
393,Zhangye,CN,2020-04-14 17:54:09,38.93,100.45,57.15,18,82,1.63
394,Capim Grosso,BR,2020-04-14 17:54:09,-11.38,-40.01,82.76,54,88,7.83
395,Thap Than,TH,2020-04-14 17:54:09,15.46,99.89,83.5,58,42,4.47
396,Kieta,PG,2020-04-14 17:54:10,-6.22,155.63,80.11,77,99,3.04
397,Ahipara,NZ,2020-04-14 17:54:10,-35.17,173.17,59.68,71,52,16.91
398,Labuhan,ID,2020-04-14 17:54:10,-6.88,112.21,79.07,81,21,1.5
399,Half Moon Bay,US,2020-04-14 17:54:10,37.46,-122.43,70.0,59,1,12.75
400,Codrington,AU,2020-04-14 17:54:11,-38.27,141.97,62.19,44,100,8.46
401,Bonthe,SL,2020-04-14 17:54:11,7.53,-12.51,84.24,72,75,9.19
402,Cabo San Lucas,MX,2020-04-14 17:53:18,22.89,-109.91,81.0,47,5,6.93
403,Auki,SB,2020-04-14 17:54:11,-8.77,160.7,81.79,78,68,7.27
404,Hengshan,CN,2020-04-14 17:54:11,45.2,130.92,37.35,65,0,1.77
405,Dongsheng,CN,2020-04-14 17:54:12,39.82,109.98,52.38,21,68,6.46
406,Betong,TH,2020-04-14 17:54:12,5.77,101.07,73.33,84,99,1.23
407,Asfi,MA,2020-04-14 17:54:12,32.3,-9.24,65.61,61,7,27.36
408,Storforshei,NO,2020-04-14 17:54:13,66.4,14.52,35.01,89,99,4.09
409,Camocim,BR,2020-04-14 17:54:13,-2.9,-40.84,83.68,74,78,6.62
410,Pimenta Bueno,BR,2020-04-14 17:52:46,-11.67,-61.19,83.03,81,44,5.23
411,Kavieng,PG,2020-04-14 17:54:13,-2.57,150.8,82.36,74,100,5.55
412,Oriximina,BR,2020-04-14 17:49:15,-1.77,-55.87,82.98,70,88,2.37
413,Sao Joao Da Barra,BR,2020-04-14 17:54:14,-21.64,-41.05,80.6,65,20,16.11
414,Vitim,RU,2020-04-14 17:54:14,59.45,112.56,30.92,91,0,1.72
415,Platteville,US,2020-04-14 17:54:14,42.73,-90.48,37.0,59,90,21.92
416,Kuching,MY,2020-04-14 17:54:15,1.55,110.33,80.6,88,20,2.24
417,Maralal,KE,2020-04-14 17:54:16,1.1,36.7,65.88,46,90,9.08
418,Cabo Rojo,PR,2020-04-14 17:50:28,18.09,-67.15,87.01,65,33,10.38
419,Labuan,MY,2020-04-14 17:54:17,5.28,115.24,82.4,94,75,5.12
420,Nome,US,2020-04-14 17:52:48,64.5,-165.41,35.6,74,90,18.34
421,Homer,US,2020-04-14 17:54:17,59.64,-151.55,39.2,93,75,2.08
422,Gravdal,NO,2020-04-14 17:54:17,68.12,13.5,37.4,86,90,8.05
423,Yatou,CN,2020-04-14 17:54:18,37.15,122.38,48.74,82,100,8.23
424,Guanare,VE,2020-04-14 17:54:18,9.04,-69.74,98.46,25,5,4.25
425,Soron,IN,2020-04-14 17:54:19,27.88,78.75,89.06,22,78,5.37
426,Horodyshche,UA,2020-04-14 17:54:19,49.28,31.45,38.39,82,100,8.52
427,Ojinaga,MX,2020-04-14 17:54:19,29.57,-104.42,71.01,30,1,6.93
428,Dalian,CN,2020-04-14 17:54:20,38.91,121.6,51.8,57,60,6.71
429,Olga,RU,2020-04-14 17:54:20,43.74,135.29,35.49,85,0,10.02
430,Mongoumba,CF,2020-04-14 17:54:20,3.64,18.59,82.22,59,40,3.31
431,Doha,QA,2020-04-14 17:54:20,25.29,51.53,75.99,60,0,9.17
432,Chapais,CA,2020-04-14 17:54:21,49.78,-74.85,26.6,53,90,27.51
433,Westport,US,2020-04-14 17:51:45,41.14,-73.36,57.0,34,40,6.93
434,Roebourne,AU,2020-04-14 17:54:21,-20.78,117.13,82.47,69,23,2.48
435,Eenhana,NA,2020-04-14 17:54:21,-17.47,16.33,75.87,33,8,2.77
436,Ternate,ID,2020-04-14 17:52:43,0.8,127.4,80.35,80,100,5.06
437,Nagorsk,RU,2020-04-14 17:54:24,59.32,50.81,33.15,89,72,4.92
438,Smirnykh,RU,2020-04-14 17:54:24,49.75,142.83,27.57,96,92,6.46
439,Lins,BR,2020-04-14 17:53:56,-21.68,-49.74,71.89,76,100,7.72
440,Tanete,ID,2020-04-14 17:54:25,-3.94,119.78,76.89,85,98,2.51
441,Budogoshch,RU,2020-04-14 17:54:25,59.28,32.47,35.33,85,94,7.78
442,Hualmay,PE,2020-04-14 17:54:25,-11.1,-77.61,77.68,64,36,9.71
443,Zhongxing,CN,2020-04-14 17:54:26,33.7,118.68,52.25,64,98,7.23
444,Itaobim,BR,2020-04-14 17:54:26,-16.57,-41.83,80.56,58,68,4.54
445,Gisborne,NZ,2020-04-14 17:50:09,-38.65,178.0,48.99,75,26,4.0
446,Morki,RU,2020-04-14 17:54:26,56.43,48.99,41.27,80,67,8.05
447,Siniscola,IT,2020-04-14 17:54:26,40.57,9.69,62.6,77,40,8.05
448,Kysyl-Syr,RU,2020-04-14 17:54:27,63.9,122.76,35.15,88,100,11.12
449,Bonnyville,CA,2020-04-14 17:54:27,54.27,-110.73,33.8,37,75,3.36
450,Mayo,US,2020-04-14 17:54:28,38.89,-76.51,57.99,40,90,3.36
451,Kabinda,CD,2020-04-14 17:54:31,-6.13,24.48,73.74,68,46,4.41
452,Xaxim,BR,2020-04-14 17:54:31,-26.96,-52.53,72.0,44,56,8.08
453,Chipurupalle,IN,2020-04-14 17:54:31,18.3,83.57,80.49,67,4,6.93
454,Nosy Varika,MG,2020-04-14 17:54:32,-20.58,48.53,75.85,81,0,0.67
455,Shenjiamen,CN,2020-04-14 17:54:32,29.96,122.3,57.56,78,100,15.48
456,Santa Catarina De Tepehuanes,MX,2020-04-14 17:54:32,25.35,-105.73,76.46,7,65,4.32
457,Mazagao,BR,2020-04-14 17:54:33,-0.12,-51.29,86.0,70,90,6.93
458,Tigil,RU,2020-04-14 17:54:33,57.8,158.67,8.29,94,38,4.12
459,Gold Coast,AU,2020-04-14 17:54:33,-28.0,153.43,64.0,93,3,3.36
460,Daru,PG,2020-04-14 17:54:33,-9.08,143.21,79.5,85,73,9.62
461,Carberry,CA,2020-04-14 17:54:34,49.87,-99.36,23.0,49,90,11.41
462,Falmouth,GB,2020-04-14 17:53:21,50.15,-5.07,51.01,70,4,20.8
463,Cooma,AU,2020-04-14 17:54:34,-36.23,149.13,46.4,93,54,5.82
464,Mehamn,NO,2020-04-14 17:52:25,71.04,27.85,35.6,74,75,5.82
465,Alegrete,BR,2020-04-14 17:54:34,-29.78,-55.79,68.7,35,68,17.65
466,Kupang,ID,2020-04-14 17:54:35,-10.17,123.58,81.12,77,98,10.4
467,Dingle,PH,2020-04-14 17:54:35,11.0,122.67,77.81,82,0,6.55
468,Itarema,BR,2020-04-14 17:54:35,-2.92,-39.92,84.16,67,62,6.87
469,Sakakah,SA,2020-04-14 17:54:35,29.97,40.21,66.2,52,75,8.05
470,Kankan,GN,2020-04-14 17:54:35,10.39,-9.31,92.88,34,70,1.43
471,Ulladulla,AU,2020-04-14 17:54:36,-35.35,150.47,60.8,82,32,9.17
472,Visnes,NO,2020-04-14 17:54:37,59.36,5.22,42.8,87,75,14.99
473,Waingapu,ID,2020-04-14 17:54:38,-9.66,120.26,79.27,78,86,3.62
474,Penzance,GB,2020-04-14 17:54:38,50.12,-5.54,51.01,70,0,20.8
475,Bantou,CN,2020-04-14 17:54:38,26.22,117.49,55.18,76,29,3.02
476,Uzhur,RU,2020-04-14 17:54:38,55.3,89.83,43.68,80,100,3.74
477,Sabzevar,IR,2020-04-14 17:54:39,36.21,57.68,49.21,55,83,8.75
478,Pecos,US,2020-04-14 17:54:41,31.42,-103.49,46.99,49,90,10.29
479,Alenquer,BR,2020-04-14 17:54:42,-1.94,-54.74,82.4,78,40,3.36
480,Loma Bonita,PA,2020-04-14 17:54:42,8.38,-80.17,80.01,88,75,5.82
481,Qui Nhon,VN,2020-04-14 17:54:42,13.77,109.23,75.24,85,83,6.44
482,Tateyama,JP,2020-04-14 17:54:42,34.98,139.87,48.2,49,0,4.7
483,Minot,US,2020-04-14 17:54:43,48.23,-101.3,26.01,57,75,8.05
484,Aksu,CN,2020-04-14 17:54:44,41.12,80.26,65.37,17,94,1.77
485,Hambantota,LK,2020-04-14 17:54:44,6.12,81.12,82.06,80,62,6.82
486,Caucaia,BR,2020-04-14 17:51:30,-3.74,-38.65,89.6,55,20,6.93
487,Necochea,AR,2020-04-14 17:54:44,-38.55,-58.74,64.99,68,0,8.99
488,Karla,EE,2020-04-14 17:54:45,59.37,24.93,37.4,82,75,12.75
489,Alyangula,AU,2020-04-14 17:54:45,-13.85,136.42,73.4,100,32,8.55
490,Hirara,JP,2020-04-14 17:54:45,24.8,125.28,65.28,49,22,1.63
491,Lac Du Bonnet,CA,2020-04-14 17:54:45,50.25,-96.06,23.0,50,93,7.0
492,Tutoia,BR,2020-04-14 17:54:46,-2.76,-42.27,87.8,74,40,5.82
493,Las Vegas,US,2020-04-14 17:51:16,36.17,-115.14,63.0,12,1,5.82
494,Mgandu,TZ,2020-04-14 17:54:46,-5.95,34.13,63.97,63,66,2.19
495,Beloha,MG,2020-04-14 17:54:47,-25.17,45.05,78.04,66,0,8.95
496,Esik,KZ,2020-04-14 17:54:47,43.36,77.45,53.6,93,90,6.71
497,Paungde,MM,2020-04-14 17:54:48,18.48,95.5,76.5,73,26,5.41
498,Rosice,CZ,2020-04-14 17:54:48,49.18,16.39,45.0,35,48,14.99
499,Dzerzhinskoye,RU,2020-04-14 17:54:49,56.83,95.23,39.88,75,9,5.23
500,Samokov,BG,2020-04-14 17:54:49,42.33,23.55,51.01,76,90,3.36
501,Flagstaff,US,2020-04-14 17:53:53,35.2,-111.65,57.0,29,1,12.75
502,Manacapuru,BR,2020-04-14 17:54:50,-3.3,-60.62,84.2,70,75,8.05
503,Bambanglipuro,ID,2020-04-14 17:54:50,-7.95,110.28,77.99,81,1,3.11
504,Newcastle,AU,2020-04-14 17:54:50,-32.93,151.78,60.01,93,0,5.82
505,Buraydah,SA,2020-04-14 17:52:24,26.33,43.98,73.4,60,75,16.11
506,Idil,TR,2020-04-14 17:54:51,37.34,41.89,52.16,48,0,3.53
507,Batetskiy,RU,2020-04-14 17:54:51,58.65,30.3,33.98,88,96,6.67
508,Plouzane,FR,2020-04-14 17:54:52,48.38,-4.62,60.8,58,0,18.34
509,Areosa,PT,2020-04-14 17:54:52,41.72,-8.86,70.0,60,14,4.7
510,Waddan,LY,2020-04-14 17:54:52,29.16,16.14,90.84,10,34,6.85
511,La Cruz,MX,2020-04-14 17:54:53,23.92,-106.9,81.0,56,59,7.0
512,Morondava,MG,2020-04-14 17:54:53,-20.28,44.28,81.3,77,7,5.26
513,Yarmouth,US,2020-04-14 17:54:53,41.71,-70.23,60.01,37,1,4.7
514,Bell Ville,AR,2020-04-14 17:54:53,-32.63,-62.69,73.99,35,43,3.0
515,Leova,MD,2020-04-14 17:54:54,46.48,28.26,39.92,83,100,17.9
516,Nabire,ID,2020-04-14 17:54:54,-3.37,135.48,77.16,87,94,1.86
517,Sabha,LY,2020-04-14 17:54:55,27.04,14.43,90.12,10,11,6.55
518,Yerbogachen,RU,2020-04-14 17:54:55,61.28,108.01,33.42,82,14,3.74
519,Juneau,US,2020-04-14 17:51:36,58.3,-134.42,44.6,100,75,4.7
520,Maldonado,UY,2020-04-14 17:54:55,-34.67,-54.92,60.8,93,90,33.33
521,Santiago Del Estero,AR,2020-04-14 17:54:55,-27.8,-64.26,75.56,36,5,3.76
522,Chambar,PK,2020-04-14 17:54:56,25.29,68.81,82.56,43,51,14.65
523,Garissa,KE,2020-04-14 17:54:56,-0.45,39.64,86.43,59,80,12.93
524,Orlik,RU,2020-04-14 17:54:56,52.52,99.83,24.66,60,0,2.19
525,Abonnema,NG,2020-04-14 17:54:57,4.71,6.79,82.71,78,91,6.87
526,Trairi,BR,2020-04-14 17:54:57,-3.28,-39.27,85.23,64,76,5.93
527,Okhotsk,RU,2020-04-14 17:54:58,59.38,143.3,22.26,96,32,4.83
528,Salinopolis,BR,2020-04-14 17:54:58,-0.61,-47.36,79.16,83,100,10.33
529,Chernyshevskiy,RU,2020-04-14 17:54:59,63.01,112.47,29.93,89,85,4.85
530,Ilhabela,BR,2020-04-14 17:53:09,-23.78,-45.36,78.6,70,98,6.93
531,Lata,PT,2020-04-14 17:54:59,40.16,-8.33,68.0,59,40,10.29
532,Hope,US,2020-04-14 17:50:46,33.67,-93.59,54.0,46,1,9.17
533,Ossora,RU,2020-04-14 17:55:00,59.24,163.07,11.08,85,12,4.81
534,Beringovskiy,RU,2020-04-14 17:55:00,63.05,179.32,23.43,98,100,9.04
535,Bokoro,TD,2020-04-14 17:55:00,12.38,17.06,91.98,10,0,10.49
536,Hervey Bay,AU,2020-04-14 17:55:01,-25.3,152.85,69.01,88,90,6.93
537,Sorland,NO,2020-04-14 17:55:01,67.67,12.69,41.0,93,75,18.34
538,Guangyuan,CN,2020-04-14 17:55:01,32.44,105.82,50.0,78,0,2.04
539,Oussouye,SN,2020-04-14 17:55:02,12.48,-16.55,93.2,69,70,9.17
540,West Bay,KY,2020-04-14 17:55:02,19.37,-81.42,86.0,74,20,9.17
541,Rio Grande,BR,2020-04-14 17:53:01,-32.03,-52.1,66.2,72,90,14.99
542,Muros,ES,2020-04-14 17:55:02,42.78,-9.06,66.99,93,40,2.24
543,Severnoye,RU,2020-04-14 17:55:04,56.35,78.36,38.75,82,64,8.01
544,Yulara,AU,2020-04-14 17:55:06,-25.24,130.99,68.0,19,23,5.82
545,Vazante,BR,2020-04-14 17:55:06,-17.99,-46.91,77.63,62,78,7.74
546,Bereda,ES,2020-04-14 17:55:06,43.27,-7.54,64.99,72,33,3.36
547,Anshun,CN,2020-04-14 17:55:07,26.25,105.93,52.56,59,0,4.03
548,Bilma,NE,2020-04-14 17:55:07,18.69,12.92,89.92,10,16,9.42
549,Korla,CN,2020-04-14 17:55:07,41.76,86.15,67.24,17,53,8.03
550,Caravelas,BR,2020-04-14 17:55:08,-17.71,-39.25,79.36,82,47,9.78
551,Khiri Mat,TH,2020-04-14 17:55:08,16.83,99.8,89.01,61,59,4.81
552,Broken Hill,AU,2020-04-14 17:55:09,-31.95,141.43,60.8,36,41,9.17
553,Atherton,GB,2020-04-14 17:55:09,53.52,-2.49,57.0,40,16,3.36
554,Calbuco,CL,2020-04-14 17:51:03,-41.77,-73.13,57.2,71,98,9.17
555,Vryburg,ZA,2020-04-14 17:55:10,-26.96,24.73,62.22,29,36,8.57
556,Jumla,NP,2020-04-14 17:55:10,29.27,82.18,50.38,34,96,3.06
