City_ID,City,Lat,Lng,Weather,Max Temp,Humidity,Cloudiness,Wind Speed,Country,Date,Rain Fall,Snow Fall
0,Cheremshan,54.67,51.5,few clouds,35.96,77,24,14.67,RU,2020-04-16 22:47:55,0.0,0.0
1,Rudbar,30.15,62.6,light rain,61.39,66,73,7.94,AF,2020-04-16 22:47:56,0.44,0.0
2,Mahebourg,-20.41,57.7,scattered clouds,75.2,73,40,12.75,MU,2020-04-16 22:47:56,0.0,0.0
3,Cape Town,-33.93,18.42,overcast clouds,60.01,93,86,3.36,ZA,2020-04-16 22:47:38,0.0,0.0
4,Punta Arenas,-53.15,-70.92,broken clouds,50.0,87,75,8.05,CL,2020-04-16 22:47:56,0.0,0.0
5,Vaini,-21.2,-175.2,broken clouds,78.8,78,75,5.82,TO,2020-04-16 22:47:57,0.0,0.0
6,Calvinia,-31.47,19.78,few clouds,53.8,37,14,2.37,ZA,2020-04-16 22:43:20,0.0,0.0
7,Mataura,-46.19,168.86,moderate rain,46.0,95,100,5.01,NZ,2020-04-16 22:47:57,3.06,0.0
8,Ust-Nera,64.57,143.2,light snow,0.12,79,100,11.7,RU,2020-04-16 22:47:57,0.0,0.11
9,Kahului,20.89,-156.47,few clouds,82.4,48,20,16.11,US,2020-04-16 22:47:57,0.0,0.0
10,Albany,42.6,-73.97,shower rain,42.8,35,40,14.99,US,2020-04-16 22:47:54,0.0,0.0
11,Svetlyy,54.67,20.13,broken clouds,41.0,93,69,4.47,RU,2020-04-16 22:47:58,0.0,0.0
12,Sedkyrkeshch,61.75,50.92,light shower snow,33.8,86,90,8.95,RU,2020-04-16 22:47:58,0.0,0.0
13,Kapaa,22.08,-159.32,scattered clouds,80.6,65,40,12.75,US,2020-04-16 22:43:27,0.0,0.0
14,Atagay,55.1,99.39,overcast clouds,40.6,64,99,3.38,RU,2020-04-16 22:47:58,0.0,0.0
15,Souillac,-20.52,57.52,scattered clouds,75.2,73,40,12.75,MU,2020-04-16 22:47:58,0.0,0.0
16,Warri,5.52,5.75,overcast clouds,81.21,89,99,4.85,NG,2020-04-16 22:47:59,0.0,0.0
17,Mabaruma,8.2,-59.78,scattered clouds,75.78,79,37,6.42,GY,2020-04-16 22:47:59,0.0,0.0
18,Kashi,39.45,75.98,dust,62.6,38,40,11.18,CN,2020-04-16 22:47:59,0.0,0.0
19,Roald,62.58,6.13,light snow,39.2,55,91,8.05,NO,2020-04-16 22:47:59,0.0,0.13
20,Petropavlovka,50.61,105.32,clear sky,46.26,38,0,2.62,RU,2020-04-16 22:47:59,0.0,0.0
21,Rikitea,-23.12,-134.97,few clouds,76.37,75,24,12.77,PF,2020-04-16 22:48:00,0.0,0.0
22,Jibuti,11.5,42.5,clear sky,84.2,79,1,9.19,DJ,2020-04-16 22:48:00,0.0,0.0
23,Meybod,32.25,54.02,few clouds,60.8,51,20,6.93,IR,2020-04-16 22:48:00,0.0,0.0
24,Kaitangata,-46.28,169.85,light rain,48.99,81,100,4.0,NZ,2020-04-16 22:48:01,2.88,0.0
25,Salym,60.06,71.48,overcast clouds,41.04,89,100,8.05,RU,2020-04-16 22:48:01,0.0,0.0
26,Bengkulu,-3.8,102.27,moderate rain,76.08,89,100,5.3,ID,2020-04-16 22:48:01,5.56,0.0
27,Port Hardy,50.7,-127.42,few clouds,57.2,58,20,6.93,CA,2020-04-16 22:48:01,0.0,0.0
28,Chuy,-33.7,-53.46,clear sky,62.49,87,4,8.14,UY,2020-04-16 22:43:14,0.0,0.0
29,Ushuaia,-54.8,-68.3,overcast clouds,57.2,54,98,13.87,AR,2020-04-16 22:48:02,0.0,0.0
30,Gunzenhausen,49.1,10.75,clear sky,53.6,62,1,3.36,DE,2020-04-16 22:48:02,0.0,0.0
31,Nerchinsk,51.98,116.58,few clouds,49.05,39,24,1.34,RU,2020-04-16 22:48:04,0.0,0.0
32,Kidal,18.44,1.41,scattered clouds,84.63,18,39,10.76,ML,2020-04-16 22:48:04,0.0,0.0
33,Dali,25.7,100.18,scattered clouds,54.99,36,42,3.22,CN,2020-04-16 22:48:04,0.0,0.0
34,Lavrentiya,65.58,-171.0,light snow,30.76,97,100,9.17,RU,2020-04-16 22:48:04,0.0,0.71
35,Tres Lagoas,-20.75,-51.68,clear sky,61.36,63,0,4.45,BR,2020-04-16 22:48:04,0.0,0.0
36,Ribeira Grande,38.52,-28.7,scattered clouds,58.57,76,31,10.67,PT,2020-04-16 22:48:05,0.0,0.0
37,Carnarvon,-24.87,113.63,overcast clouds,75.2,73,90,9.17,AU,2020-04-16 22:43:41,0.0,0.0
38,Cidreira,-30.18,-50.21,clear sky,65.86,78,4,11.36,BR,2020-04-16 22:44:29,0.0,0.0
39,Busselton,-33.65,115.33,few clouds,52.0,60,13,8.05,AU,2020-04-16 22:47:47,0.0,0.0
40,Obo,5.4,26.49,broken clouds,74.14,53,54,1.88,CF,2020-04-16 22:48:05,0.0,0.0
41,Mar Del Plata,-38.0,-57.56,clear sky,62.01,87,0,3.36,AR,2020-04-16 22:44:40,0.0,0.0
42,Solnechnyy,50.72,136.63,clear sky,50.54,39,0,3.8,RU,2020-04-16 22:48:06,0.0,0.0
43,Kjopsvik,68.1,16.37,snow,33.01,92,99,9.17,NO,2020-04-16 22:48:06,0.0,2.44
44,Honiara,-9.43,159.95,broken clouds,82.4,83,75,2.24,SB,2020-04-16 22:46:30,0.0,0.0
45,Saint George,37.1,-113.58,few clouds,73.4,20,20,17.22,US,2020-04-16 22:45:21,0.0,0.0
46,Barrow,71.29,-156.79,mist,15.8,85,90,11.41,US,2020-04-16 22:48:06,0.0,0.0
47,Portland,45.52,-122.68,clear sky,71.01,16,1,24.16,US,2020-04-16 22:47:46,0.0,0.0
48,Pangoa,-12.12,-73.0,overcast clouds,63.54,78,88,1.57,PE,2020-04-16 22:43:21,0.0,0.0
49,Port Alfred,-33.59,26.89,clear sky,60.01,84,0,1.01,ZA,2020-04-16 22:48:07,0.0,0.0
50,Talnakh,69.49,88.4,scattered clouds,21.2,73,34,17.9,RU,2020-04-16 22:48:07,0.0,0.0
51,Teknaf,20.86,92.31,clear sky,75.49,88,5,2.59,BD,2020-04-16 22:48:07,0.0,0.0
52,Lebu,-37.62,-73.65,clear sky,56.3,87,10,8.7,CL,2020-04-16 22:48:07,0.0,0.0
53,Bago,17.34,96.48,overcast clouds,72.45,81,86,4.74,MM,2020-04-16 22:48:08,0.0,0.0
54,Fortuna,40.6,-124.16,clear sky,64.0,87,1,16.11,US,2020-04-16 22:48:08,0.0,0.0
55,Isiro,2.77,27.62,broken clouds,69.6,65,68,1.7,CD,2020-04-16 22:48:08,0.0,0.0
56,Bangangte,5.14,10.52,light rain,64.13,71,100,1.01,CM,2020-04-16 22:48:08,2.66,0.0
57,Port Blair,11.67,92.75,overcast clouds,82.72,74,95,3.8,IN,2020-04-16 22:48:08,0.0,0.0
58,Zaraza,9.35,-65.32,overcast clouds,78.98,70,99,10.16,VE,2020-04-16 22:48:09,0.0,0.0
59,Ahipara,-35.17,173.17,light rain,66.29,85,100,18.25,NZ,2020-04-16 22:48:09,2.37,0.0
60,Olga,43.74,135.29,overcast clouds,44.08,61,91,10.25,RU,2020-04-16 22:48:09,0.0,0.0
61,Bambous Virieux,-20.34,57.76,scattered clouds,75.2,73,40,12.75,MU,2020-04-16 22:48:09,0.0,0.0
62,Nantucket,41.28,-70.1,overcast clouds,45.0,65,90,9.17,US,2020-04-16 22:48:09,0.0,0.0
63,Carutapera,-1.2,-46.02,overcast clouds,80.26,80,90,4.97,BR,2020-04-16 22:48:09,0.0,0.0
64,Ponta Delgada,37.73,-25.67,few clouds,57.2,82,20,4.7,PT,2020-04-16 22:43:22,0.0,0.0
65,Kiama,-34.68,150.87,clear sky,68.0,55,8,12.75,AU,2020-04-16 22:48:10,0.0,0.0
66,Hithadhoo,-0.6,73.08,light rain,84.54,70,68,6.69,MV,2020-04-16 22:48:10,0.81,0.0
67,Bethel,41.37,-73.41,scattered clouds,46.99,26,40,10.29,US,2020-04-16 22:43:38,0.0,0.0
68,Yellowknife,62.46,-114.35,overcast clouds,37.99,92,90,11.41,CA,2020-04-16 22:44:41,0.0,0.0
69,Katobu,-4.94,122.53,clear sky,81.37,79,5,5.28,ID,2020-04-16 22:48:11,0.0,0.0
70,Pevek,69.7,170.31,overcast clouds,15.33,94,97,3.11,RU,2020-04-16 22:48:11,0.0,0.0
71,Khatanga,71.97,102.5,clear sky,4.93,90,0,12.06,RU,2020-04-16 22:48:11,0.0,0.0
72,Arraial Do Cabo,-22.97,-42.03,overcast clouds,75.79,82,100,9.17,BR,2020-04-16 22:48:11,0.0,0.0
73,Bonthe,7.53,-12.51,broken clouds,81.39,82,70,7.76,SL,2020-04-16 22:48:11,0.0,0.0
74,Kruisfontein,-34.0,24.73,few clouds,55.72,64,12,4.0,ZA,2020-04-16 22:44:00,0.0,0.0
75,Panorama,40.59,23.03,clear sky,51.01,87,1,6.93,GR,2020-04-16 22:48:12,0.0,0.0
76,Tasiilaq,65.61,-37.64,light snow,30.2,92,100,28.86,GL,2020-04-16 22:48:12,0.0,0.0
77,Santa Ines,-3.67,-45.38,light rain,75.92,93,97,1.14,BR,2020-04-16 22:48:12,2.35,0.0
78,Padang,-0.95,100.35,light rain,77.77,78,98,2.51,ID,2020-04-16 22:48:12,0.49,0.0
79,Puerto Ayora,-0.74,-90.35,shower rain,82.4,83,75,14.99,EC,2020-04-16 22:48:13,0.0,0.0
80,Bluff,-46.6,168.33,moderate rain,46.0,95,100,5.01,NZ,2020-04-16 22:48:13,5.06,0.0
81,Sosnovo-Ozerskoye,52.52,111.54,clear sky,39.18,44,0,5.79,RU,2020-04-16 22:48:13,0.0,0.0
82,Udachnyy,66.42,112.4,broken clouds,-0.4,77,64,6.71,RU,2020-04-16 22:48:14,0.0,0.0
83,Nanortalik,60.14,-45.24,snow,31.73,98,99,9.86,GL,2020-04-16 22:48:14,0.0,1.53
84,Parrita,9.52,-84.32,few clouds,84.2,47,20,17.22,CR,2020-04-16 22:48:14,0.0,0.0
85,Ushirombo,-3.49,31.96,light rain,65.84,69,89,3.58,TZ,2020-04-16 22:48:14,0.61,0.0
86,Si Bun Ruang,16.97,102.28,overcast clouds,81.16,57,90,0.85,TH,2020-04-16 22:48:15,0.0,0.0
87,Port Elizabeth,-33.92,25.57,clear sky,55.4,87,0,3.36,ZA,2020-04-16 22:47:46,0.0,0.0
88,Tiksi,71.69,128.87,overcast clouds,-4.56,91,100,7.18,RU,2020-04-16 22:48:15,0.0,0.0
89,Hobart,-42.88,147.33,light rain,48.99,66,20,19.46,AU,2020-04-16 22:45:20,0.0,0.0
90,Flin Flon,54.77,-101.86,few clouds,35.6,34,20,11.41,CA,2020-04-16 22:45:16,0.0,0.0
91,Nemuro,43.32,145.57,clear sky,34.97,84,0,4.81,JP,2020-04-16 22:44:08,0.0,0.0
92,Faanui,-16.48,-151.75,few clouds,83.26,66,15,9.71,PF,2020-04-16 22:47:13,0.0,0.0
93,East London,-33.02,27.91,clear sky,63.12,67,0,4.65,ZA,2020-04-16 22:48:16,0.0,0.0
94,Verkhnedneprovskiy,54.98,33.35,light snow,35.08,79,99,13.22,RU,2020-04-16 22:48:16,0.0,0.25
95,Mount Gambier,-37.83,140.77,light intensity shower rain,55.4,93,40,13.87,AU,2020-04-16 22:48:16,0.0,0.0
96,Nikolskoye,59.7,30.79,few clouds,35.6,90,20,11.18,RU,2020-04-16 22:48:16,0.0,0.0
97,Kibala,9.11,18.35,few clouds,86.88,15,24,1.54,TD,2020-04-16 22:48:17,0.0,0.0
98,San Patricio,19.22,-104.7,clear sky,77.0,73,5,11.41,MX,2020-04-16 22:48:17,0.0,0.0
99,Montevideo,-34.83,-56.17,few clouds,60.8,93,20,4.7,UY,2020-04-16 22:48:17,0.0,0.0
100,Upernavik,72.79,-56.15,overcast clouds,24.69,89,100,9.66,GL,2020-04-16 22:48:18,0.0,0.0
101,Heihe,50.24,127.49,few clouds,35.6,55,12,3.6,CN,2020-04-16 22:48:18,0.0,0.0
102,Springbok,-29.66,17.89,clear sky,50.34,42,2,5.57,ZA,2020-04-16 22:43:26,0.0,0.0
103,Vardo,70.37,31.11,broken clouds,35.6,85,75,13.87,NO,2020-04-16 22:48:18,0.0,0.0
104,Saint-Pierre,-21.34,55.48,light rain,73.4,69,23,14.99,RE,2020-04-16 22:43:41,0.12,0.0
105,Poronaysk,49.22,143.12,clear sky,37.81,73,0,4.0,RU,2020-04-16 22:48:19,0.0,0.0
106,Manokwari,-0.87,134.08,light rain,83.77,67,91,1.95,ID,2020-04-16 22:48:19,0.4,0.0
107,Dinguiraye,11.3,-10.72,scattered clouds,82.8,39,50,3.85,GN,2020-04-16 22:48:19,0.0,0.0
108,Grafton,42.21,-71.69,scattered clouds,45.0,30,40,16.11,US,2020-04-16 22:48:19,0.0,0.0
109,Kansanshi,-12.1,26.43,light rain,61.57,64,80,4.5,ZM,2020-04-16 22:48:19,0.39,0.0
110,Bac Lieu,9.29,105.72,light rain,82.8,78,97,13.04,VN,2020-04-16 22:48:20,0.3,0.0
111,Lata,40.16,-8.33,few clouds,59.0,87,20,10.29,PT,2020-04-16 22:48:20,0.0,0.0
112,Cumberland,35.05,-78.87,clear sky,68.0,20,1,10.29,US,2020-04-16 22:48:20,0.0,0.0
113,Kodiak,57.79,-152.41,haze,46.4,81,40,5.82,US,2020-04-16 22:48:20,0.0,0.0
114,Mecca,21.43,39.83,clear sky,68.16,43,0,1.77,SA,2020-04-16 22:48:20,0.0,0.0
115,Dingle,11.0,122.67,scattered clouds,83.97,72,39,10.09,PH,2020-04-16 22:48:20,0.0,0.0
116,Dikson,73.51,80.55,clear sky,-1.68,86,0,9.62,RU,2020-04-16 22:48:21,0.0,0.0
117,Tuktoyaktuk,69.45,-133.04,light snow,19.4,79,90,16.11,CA,2020-04-16 22:48:21,0.0,0.0
118,Avarua,-21.21,-159.78,overcast clouds,80.6,65,92,8.05,CK,2020-04-16 22:46:27,0.0,0.0
119,Zhigansk,66.77,123.37,few clouds,-3.41,88,16,17.83,RU,2020-04-16 22:48:21,0.0,0.0
120,Nuuk,64.18,-51.72,light shower snow,28.4,86,75,29.97,GL,2020-04-16 22:48:21,0.0,0.0
121,Hastings,50.86,0.57,few clouds,52.0,87,13,8.05,GB,2020-04-16 22:48:21,0.0,0.0
122,Atuona,-9.8,-139.03,scattered clouds,82.76,72,29,12.1,PF,2020-04-16 22:48:22,0.0,0.0
123,Tayoltita,24.08,-105.93,overcast clouds,83.97,10,97,7.63,MX,2020-04-16 22:48:22,0.0,0.0
124,Lompoc,34.64,-120.46,clear sky,72.0,72,1,14.99,US,2020-04-16 22:48:22,0.0,0.0
125,Kerman,30.28,57.08,broken clouds,48.2,93,75,6.93,IR,2020-04-16 22:48:22,0.0,0.0
126,Malindi,-3.22,40.12,light rain,79.79,85,95,9.35,KE,2020-04-16 22:48:22,1.12,0.0
127,Bilma,18.69,12.92,overcast clouds,83.41,12,96,8.3,NE,2020-04-16 22:48:13,0.0,0.0
128,New Norfolk,-42.78,147.06,few clouds,51.01,66,20,19.46,AU,2020-04-16 22:48:23,0.0,0.0
129,Fairbanks,64.84,-147.72,overcast clouds,44.6,80,90,13.87,US,2020-04-16 22:48:23,0.0,0.0
130,Puerto Del Rosario,28.5,-13.86,few clouds,68.0,72,19,6.93,ES,2020-04-16 22:48:23,0.0,0.0
131,Salalah,17.02,54.09,few clouds,82.4,74,20,3.36,OM,2020-04-16 22:48:23,0.0,0.0
132,Pisco,-13.7,-76.22,few clouds,75.99,30,11,19.46,PE,2020-04-16 22:44:43,0.0,0.0
133,Norman Wells,65.28,-126.83,light rain,42.8,93,90,11.41,CA,2020-04-16 22:48:24,0.0,0.0
134,Lasa,46.62,10.7,clear sky,46.0,39,10,2.24,IT,2020-04-16 22:48:24,0.0,0.0
135,Astana,51.18,71.45,clear sky,30.2,86,7,4.47,KZ,2020-04-16 22:48:24,0.0,0.0
136,Sao Filipe,14.9,-24.5,broken clouds,72.16,74,74,14.07,CV,2020-04-16 22:48:24,0.0,0.0
137,San Pedro Buenavista,16.08,-93.12,smoke,95.0,44,40,23.04,MX,2020-04-16 22:48:25,0.0,0.0
138,Nador,35.17,-2.93,scattered clouds,62.6,88,40,2.15,MA,2020-04-16 22:48:25,0.0,0.0
139,Lingyuan,41.24,119.4,overcast clouds,46.27,60,89,20.31,CN,2020-04-16 22:48:25,0.0,0.0
140,Brae,60.4,-1.35,few clouds,42.8,67,15,4.7,GB,2020-04-16 22:48:25,0.0,0.0
141,Le Port,-20.94,55.29,light rain,75.2,69,40,16.11,RE,2020-04-16 22:48:25,0.18,0.0
142,Saskylakh,71.92,114.08,clear sky,-5.15,90,0,3.02,RU,2020-04-16 22:48:25,0.0,0.0
143,Bandon,51.75,-8.74,light intensity drizzle,50.0,100,75,9.17,IE,2020-04-16 22:48:26,0.0,0.0
144,Haines Junction,60.75,-137.51,light rain,43.09,66,100,2.01,CA,2020-04-16 22:48:26,0.19,0.0
145,Nizhniy Tsasuchey,50.52,115.13,scattered clouds,50.14,42,43,7.07,RU,2020-04-16 22:48:26,0.0,0.0
146,Biak,-0.91,122.88,light rain,81.88,74,12,1.88,ID,2020-04-16 22:48:26,1.22,0.0
147,Tucurui,-3.77,-49.67,light rain,75.61,89,6,0.27,BR,2020-04-16 22:48:26,0.66,0.0
148,Vestmannaeyjar,63.44,-20.27,light rain,43.92,95,100,12.59,IS,2020-04-16 22:48:27,1.5,0.0
149,Qaanaaq,77.48,-69.36,overcast clouds,16.02,83,100,2.13,GL,2020-04-16 22:48:27,0.0,0.0
150,Muros,42.78,-9.06,broken clouds,60.01,100,75,8.05,ES,2020-04-16 22:48:27,0.0,0.0
151,Hermanus,-34.42,19.23,overcast clouds,60.01,94,92,2.26,ZA,2020-04-16 22:48:27,0.0,0.0
152,Kudahuvadhoo,2.67,72.89,few clouds,84.97,64,23,3.11,MV,2020-04-16 22:48:27,0.0,0.0
153,Hamilton,39.18,-84.53,clear sky,51.8,34,1,10.29,US,2020-04-16 22:48:02,0.0,0.0
154,Zhucheng,35.99,119.4,clear sky,59.67,33,7,13.06,CN,2020-04-16 22:48:28,0.0,0.0
155,Maneadero,31.72,-116.57,clear sky,71.01,79,0,4.0,MX,2020-04-16 22:48:28,0.0,0.0
156,Ilulissat,69.22,-51.1,overcast clouds,33.8,55,88,16.11,GL,2020-04-16 22:44:21,0.0,0.0
157,Bathsheba,13.22,-59.52,scattered clouds,80.6,74,40,14.99,BB,2020-04-16 22:48:28,0.0,0.0
158,Konstantinovka,49.62,127.98,clear sky,55.58,34,0,6.55,RU,2020-04-16 22:48:28,0.0,0.0
159,Cabo San Lucas,22.89,-109.91,few clouds,84.99,41,20,6.93,MX,2020-04-16 22:48:29,0.0,0.0
160,Klamath Falls,42.22,-121.78,clear sky,61.0,21,1,12.75,US,2020-04-16 22:48:29,0.0,0.0
161,Provideniya,64.38,-173.3,light snow,30.2,80,90,13.42,RU,2020-04-16 22:47:58,0.0,0.0
162,Meulaboh,4.14,96.13,light rain,77.81,85,100,2.15,ID,2020-04-16 22:48:29,0.58,0.0
163,Kampen,52.55,5.91,overcast clouds,53.01,76,90,11.41,NL,2020-04-16 22:48:29,0.0,0.0
164,Niquero,20.04,-77.58,broken clouds,80.94,72,68,4.07,CU,2020-04-16 22:48:30,0.0,0.0
165,Zaysan,47.47,84.87,few clouds,40.73,49,19,3.22,KZ,2020-04-16 22:48:30,0.0,0.0
166,Walvis Bay,-22.96,14.51,few clouds,55.99,87,23,4.7,NA,2020-04-16 22:44:26,0.0,0.0
167,Green River,41.53,-109.47,clear sky,28.0,63,1,14.99,US,2020-04-16 22:48:30,0.0,0.0
168,Luderitz,-26.65,15.16,scattered clouds,57.2,82,41,19.46,NA,2020-04-16 22:48:31,0.0,0.0
169,Goderich,43.75,-81.72,broken clouds,39.0,69,69,10.69,CA,2020-04-16 22:48:31,0.0,0.0
170,Namatanai,-3.67,152.43,moderate rain,79.09,86,99,14.0,PG,2020-04-16 22:48:31,7.48,0.0
171,Acarau,-2.89,-40.12,light rain,77.88,89,47,6.35,BR,2020-04-16 22:48:31,1.49,0.0
172,Armidale,-30.52,151.65,broken clouds,62.01,66,82,13.62,AU,2020-04-16 22:48:32,0.0,0.0
173,Georgetown,5.41,100.34,few clouds,82.4,88,20,3.51,MY,2020-04-16 22:48:32,0.0,0.0
174,Ratnagiri,16.98,73.3,clear sky,78.28,88,5,2.35,IN,2020-04-16 22:48:32,0.0,0.0
175,Erzin,36.96,36.2,scattered clouds,62.01,71,40,4.7,TR,2020-04-16 22:48:32,0.0,0.0
176,Chicama,-7.84,-79.15,few clouds,71.6,83,11,6.93,PE,2020-04-16 22:43:33,0.0,0.0
177,Quatre Cocos,-20.21,57.76,scattered clouds,75.2,73,40,12.75,MU,2020-04-16 22:48:32,0.0,0.0
178,Butaritari,3.07,172.79,light rain,83.98,75,99,13.87,KI,2020-04-16 22:44:39,1.84,0.0
179,Sola,-13.88,167.55,light rain,82.63,77,96,15.9,VU,2020-04-16 22:48:33,0.54,0.0
180,Beloha,-25.17,45.05,clear sky,75.07,64,5,6.69,MG,2020-04-16 22:48:33,0.0,0.0
181,Antofagasta,-23.65,-70.4,scattered clouds,66.2,77,25,10.29,CL,2020-04-16 22:48:33,0.0,0.0
182,Codrington,-38.27,141.97,light rain,59.74,66,69,19.66,AU,2020-04-16 22:48:33,0.13,0.0
183,Pacora,9.08,-79.28,few clouds,89.6,55,20,10.29,PA,2020-04-16 22:48:33,0.0,0.0
184,Hilo,19.73,-155.09,light rain,77.0,65,90,6.93,US,2020-04-16 22:48:34,0.0,0.0
185,Adamovka,51.52,59.94,light rain,43.74,79,100,7.09,RU,2020-04-16 22:48:34,0.95,0.0
186,Kenora,49.82,-94.43,scattered clouds,33.8,31,40,16.11,CA,2020-04-16 22:48:34,0.0,0.0
187,Tabuk,17.42,121.44,broken clouds,78.55,70,65,5.59,PH,2020-04-16 22:48:34,0.0,0.0
188,Bredasdorp,-34.53,20.04,overcast clouds,62.6,72,100,1.12,ZA,2020-04-16 22:48:34,0.0,0.0
189,Chokurdakh,70.63,147.92,overcast clouds,-4.65,91,87,9.93,RU,2020-04-16 22:48:00,0.0,0.0
190,Castro,-24.79,-50.01,clear sky,53.17,38,0,1.72,BR,2020-04-16 22:48:35,0.0,0.0
191,Kropotkin,45.44,40.58,few clouds,45.0,64,16,23.69,RU,2020-04-16 22:48:35,0.0,0.0
192,Richards Bay,-28.78,32.04,few clouds,68.99,79,13,5.35,ZA,2020-04-16 22:48:35,0.0,0.0
193,Saint-Philippe,-21.36,55.77,light rain,75.2,69,19,16.11,RE,2020-04-16 22:48:35,0.18,0.0
194,Knysna,-34.04,23.05,broken clouds,59.0,87,64,2.24,ZA,2020-04-16 22:48:36,0.0,0.0
195,Seymchan,62.88,152.43,light snow,7.81,89,100,13.67,RU,2020-04-16 22:48:36,0.0,0.35
196,Atar,20.52,-13.05,overcast clouds,78.48,17,95,3.09,MR,2020-04-16 22:44:47,0.0,0.0
197,Maragogi,-9.01,-35.22,moderate rain,80.47,80,96,11.05,BR,2020-04-16 22:48:36,5.93,0.0
198,Ketchikan,55.34,-131.65,overcast clouds,51.8,76,90,18.34,US,2020-04-16 22:48:05,0.0,0.0
199,Vila,42.03,-8.16,broken clouds,60.01,100,75,6.93,PT,2020-04-16 22:48:36,0.0,0.0
200,Auki,-8.77,160.7,light rain,80.53,79,100,8.52,SB,2020-04-16 22:48:37,0.36,0.0
201,Zvishavane,-20.33,30.07,scattered clouds,67.33,49,32,2.86,ZW,2020-04-16 22:48:37,0.0,0.0
202,Bayir,37.27,28.22,clear sky,51.8,87,0,4.7,TR,2020-04-16 22:48:37,0.0,0.0
203,Economy,40.6,-80.22,broken clouds,44.6,33,75,18.34,US,2020-04-16 22:48:37,0.0,0.0
204,Bintulu,3.17,113.03,broken clouds,77.0,94,75,3.36,MY,2020-04-16 22:48:38,0.0,0.0
205,Tornio,65.85,24.15,overcast clouds,32.0,94,92,9.17,FI,2020-04-16 22:48:38,0.0,0.0
206,Matara,5.95,80.54,scattered clouds,77.67,85,37,2.51,LK,2020-04-16 22:48:38,0.0,0.0
207,Necochea,-38.55,-58.74,few clouds,57.0,92,18,1.99,AR,2020-04-16 22:48:38,0.0,0.0
208,Akhtubinsk,48.28,46.17,few clouds,43.99,68,24,21.79,RU,2020-04-16 22:48:38,0.0,0.0
209,Ayagoz,47.97,80.44,scattered clouds,38.46,57,35,12.28,KZ,2020-04-16 22:48:39,0.0,0.0
210,Jamestown,42.1,-79.24,overcast clouds,39.2,47,90,19.46,US,2020-04-16 22:48:39,0.0,0.0
211,Omboue,-1.57,9.26,light rain,78.73,88,100,5.68,GA,2020-04-16 22:48:39,0.44,0.0
212,Tigil,57.8,158.67,overcast clouds,26.74,97,85,3.69,RU,2020-04-16 22:48:39,0.0,0.0
213,Geraldton,-28.77,114.6,overcast clouds,62.6,77,86,4.7,AU,2020-04-16 22:48:39,0.0,0.0
214,Port Augusta,-32.5,137.77,broken clouds,57.0,87,66,5.82,AU,2020-04-16 22:48:40,0.0,0.0
215,Rafai,4.95,23.92,few clouds,73.71,46,22,1.19,CF,2020-04-16 22:48:40,0.0,0.0
216,Yima,34.74,111.88,scattered clouds,64.99,99,28,3.67,CN,2020-04-16 22:48:40,0.0,0.0
217,Podor,16.65,-14.96,scattered clouds,74.03,42,34,16.44,MR,2020-04-16 22:48:40,0.0,0.0
218,Praia Da Vitoria,38.73,-27.07,scattered clouds,59.0,82,40,8.84,PT,2020-04-16 22:48:40,0.0,0.0
219,College,64.86,-147.8,overcast clouds,44.6,70,90,12.75,US,2020-04-16 22:48:41,0.0,0.0
220,Victoria,22.29,114.16,scattered clouds,73.0,88,40,6.93,HK,2020-04-16 22:47:07,0.0,0.0
221,Aberdeen,57.14,-2.1,scattered clouds,42.01,86,50,1.12,GB,2020-04-16 22:48:41,0.0,0.0
222,Huilong,31.81,121.66,light rain,64.99,77,98,1.01,CN,2020-04-16 22:48:41,1.82,0.0
223,Kouango,4.99,19.96,scattered clouds,76.44,49,38,1.43,CF,2020-04-16 22:48:42,0.0,0.0
224,Bonavista,48.65,-53.11,snow,33.01,84,92,11.99,CA,2020-04-16 22:48:42,0.0,2.42
225,Anadyr,64.75,177.48,few clouds,14.0,92,20,15.66,RU,2020-04-16 22:48:42,0.0,0.0
226,Fairlie,55.76,-4.86,overcast clouds,46.4,70,90,11.41,GB,2020-04-16 22:48:42,0.0,0.0
227,Broken Hill,-31.95,141.43,overcast clouds,53.6,66,91,8.05,AU,2020-04-16 22:48:42,0.0,0.0
228,Ambad,19.62,75.8,few clouds,78.67,28,21,6.51,IN,2020-04-16 22:48:42,0.0,0.0
229,Ostrovnoy,68.05,39.51,light snow,33.46,93,100,20.31,RU,2020-04-16 22:48:43,0.0,0.97
230,Wuwei,37.93,102.64,overcast clouds,46.0,27,96,2.13,CN,2020-04-16 22:48:43,0.0,0.0
231,Westport,41.14,-73.36,few clouds,48.2,22,20,20.8,US,2020-04-16 22:48:14,0.0,0.0
232,Burpengary,-27.16,152.96,few clouds,79.0,78,23,8.05,AU,2020-04-16 22:48:43,0.0,0.0
233,San Angelo,31.46,-100.44,clear sky,79.0,44,1,17.22,US,2020-04-16 22:46:23,0.0,0.0
234,Xuanhua,40.61,115.04,broken clouds,49.17,42,51,17.56,CN,2020-04-16 22:48:44,0.0,0.0
235,Ponta Do Sol,32.67,-17.1,few clouds,62.6,63,20,6.93,PT,2020-04-16 22:48:44,0.0,0.0
236,Yumen,40.28,97.2,overcast clouds,50.0,22,100,16.89,CN,2020-04-16 22:48:44,0.0,0.0
237,Sao Gabriel Da Cachoeira,-0.13,-67.09,light rain,75.87,91,85,2.08,BR,2020-04-16 22:48:44,1.44,0.0
238,Bandarbeyla,9.49,50.81,few clouds,81.57,75,13,6.06,SO,2020-04-16 22:48:44,0.0,0.0
239,Pangnirtung,66.15,-65.71,broken clouds,19.4,67,75,3.36,CA,2020-04-16 22:48:44,0.0,0.0
240,Houma,29.6,-90.72,clear sky,73.4,40,1,17.22,US,2020-04-16 22:48:45,0.0,0.0
241,Clyde River,70.47,-68.59,light snow,6.8,84,75,17.22,CA,2020-04-16 22:48:45,0.0,0.0
242,Ariquemes,-9.91,-63.04,light rain,74.12,94,88,3.29,BR,2020-04-16 22:48:45,0.51,0.0
243,Mikuni,36.22,136.15,scattered clouds,42.8,87,40,2.24,JP,2020-04-16 22:48:45,0.0,0.0
244,Airai,-8.93,125.41,clear sky,69.06,58,6,3.22,TL,2020-04-16 22:48:46,0.0,0.0
245,Gravdal,68.12,13.5,light snow,36.95,79,95,28.3,NO,2020-04-16 22:48:46,0.0,0.39
246,Alcazar De San Juan,39.39,-3.21,overcast clouds,55.99,86,99,1.99,ES,2020-04-16 22:48:46,0.0,0.0
247,Ugoofaaru,5.67,73.0,scattered clouds,85.12,71,33,10.69,MV,2020-04-16 22:48:46,0.0,0.0
248,Polson,47.69,-114.16,clear sky,48.2,31,1,13.87,US,2020-04-16 22:48:46,0.0,0.0
249,San Cristobal,7.77,-72.22,haze,87.8,48,40,10.29,VE,2020-04-16 22:48:46,0.0,0.0
250,Loum,4.72,9.74,light rain,75.51,86,100,0.56,CM,2020-04-16 22:48:47,1.11,0.0
251,Karratha,-20.74,116.85,overcast clouds,84.38,62,90,12.57,AU,2020-04-16 22:48:47,0.0,0.0
252,Majene,-3.54,118.97,scattered clouds,81.97,78,37,3.53,ID,2020-04-16 22:47:59,0.0,0.0
253,Wanning,18.8,110.4,overcast clouds,76.84,77,100,8.03,CN,2020-04-16 22:48:47,0.0,0.0
254,Acari,-15.43,-74.62,clear sky,74.55,61,7,4.09,PE,2020-04-16 22:48:47,0.0,0.0
255,Taoudenni,22.68,-3.98,broken clouds,91.2,23,59,5.57,ML,2020-04-16 22:48:47,0.0,0.0
256,Road Town,18.42,-64.62,clear sky,82.4,58,1,11.41,VG,2020-04-16 22:47:07,0.0,0.0
257,Mwinilunga,-11.74,24.43,light rain,64.13,63,81,2.35,ZM,2020-04-16 22:48:48,1.59,0.0
258,Primalkinskoye,43.75,44.01,scattered clouds,39.2,63,47,4.47,RU,2020-04-16 22:48:48,0.0,0.0
259,Yarada,17.65,83.27,mist,80.6,94,20,8.05,IN,2020-04-16 22:48:48,0.0,0.0
260,Maan,5.93,124.74,broken clouds,84.65,65,69,3.58,PH,2020-04-16 22:48:49,0.0,0.0
261,Shingu,33.73,135.98,light rain,60.73,72,65,8.79,JP,2020-04-16 22:48:49,0.27,0.0
262,Sampit,-2.53,112.95,overcast clouds,78.91,88,88,2.06,ID,2020-04-16 22:48:49,0.0,0.0
263,Eureka,40.8,-124.16,scattered clouds,66.0,81,40,4.7,US,2020-04-16 22:45:01,0.0,0.0
264,Humaita,-7.51,-63.02,broken clouds,75.56,94,82,2.28,BR,2020-04-16 22:48:49,0.0,0.0
265,Avera,33.19,-82.53,clear sky,72.0,26,1,5.82,US,2020-04-16 22:48:49,0.0,0.0
266,Qaqortoq,60.72,-46.03,overcast clouds,32.0,93,100,7.07,GL,2020-04-16 22:48:50,0.0,0.0
267,Ranong,9.97,98.63,overcast clouds,80.24,79,99,3.09,TH,2020-04-16 22:48:50,0.0,0.0
268,De Aar,-30.65,24.01,clear sky,56.26,23,0,5.21,ZA,2020-04-16 22:48:50,0.0,0.0
269,Sandwick,60.0,-1.25,few clouds,42.8,81,18,6.93,GB,2020-04-16 22:45:28,0.0,0.0
270,Saint-Francois,46.42,3.91,broken clouds,59.0,54,82,4.7,FR,2020-04-16 22:48:50,0.0,0.0
271,Pueblo Nuevo,23.38,-105.38,broken clouds,73.24,10,54,7.74,MX,2020-04-16 22:48:50,0.0,0.0
272,Ciudad Guayana,8.35,-62.65,scattered clouds,85.95,38,50,8.05,VE,2020-04-16 22:46:06,0.0,0.0
273,Catamarca,-28.47,-65.79,broken clouds,68.16,46,60,5.75,AR,2020-04-16 22:48:51,0.0,0.0
274,Bobrovytsya,50.75,31.38,broken clouds,51.8,67,75,11.18,UA,2020-04-16 22:48:51,0.0,0.0
275,Jiana,44.4,22.71,broken clouds,48.22,64,62,3.06,RO,2020-04-16 22:48:51,0.0,0.0
276,Awjilah,29.11,21.29,broken clouds,65.12,40,81,7.7,LY,2020-04-16 22:48:51,0.0,0.0
277,Morococha,-11.6,-76.14,light rain,35.33,24,65,0.29,PE,2020-04-16 22:48:52,0.35,0.0
278,Pangai,-19.8,-174.35,scattered clouds,78.8,78,40,2.24,TO,2020-04-16 22:48:52,0.0,0.0
279,San Andres,12.58,-81.7,few clouds,86.0,66,20,11.41,CO,2020-04-16 22:48:52,0.0,0.0
280,Kieta,-6.22,155.63,moderate rain,79.32,84,100,7.72,PG,2020-04-16 22:48:52,3.29,0.0
281,Ukiah,39.15,-123.21,clear sky,78.8,31,1,10.29,US,2020-04-16 22:47:17,0.0,0.0
282,Champerico,14.3,-91.92,scattered clouds,87.1,60,33,6.22,GT,2020-04-16 22:48:53,0.0,0.0
283,Kloulklubed,7.04,134.26,light rain,82.15,82,24,16.24,PW,2020-04-16 22:48:53,0.39,0.0
284,Tuatapere,-46.13,167.68,light rain,46.0,95,98,5.01,NZ,2020-04-16 22:48:53,2.01,0.0
285,Machilipatnam,16.17,81.13,few clouds,79.36,86,13,7.38,IN,2020-04-16 22:48:53,0.0,0.0
286,Ramon,16.78,121.53,broken clouds,78.84,76,70,1.83,PH,2020-04-16 22:48:53,0.0,0.0
287,Axim,4.87,-2.24,light rain,82.33,85,74,10.04,GH,2020-04-16 22:48:53,0.39,0.0
288,Tamandare,-8.76,-35.1,moderate rain,81.32,81,97,12.12,BR,2020-04-16 22:48:54,5.97,0.0
289,Sawakin,19.11,37.33,clear sky,72.88,52,0,3.58,SD,2020-04-16 22:48:54,0.0,0.0
290,Vila Velha,-20.33,-40.29,scattered clouds,78.8,83,40,10.29,BR,2020-04-16 22:46:42,0.0,0.0
291,Kyabe,9.45,18.94,clear sky,84.65,12,8,3.83,TD,2020-04-16 22:48:54,0.0,0.0
292,Kismayo,-0.36,42.55,light rain,82.72,80,99,6.8,SO,2020-04-16 22:48:54,0.45,0.0
293,Iqaluit,63.75,-68.51,broken clouds,12.0,72,75,23.04,CA,2020-04-16 22:48:55,0.0,0.0
294,Bosaso,11.28,49.18,light rain,83.19,72,10,3.2,SO,2020-04-16 22:48:55,0.19,0.0
295,Hambantota,6.12,81.12,few clouds,79.86,82,16,3.85,LK,2020-04-16 22:48:55,0.0,0.0
296,Rabat,33.99,-6.84,scattered clouds,63.0,93,40,4.7,MA,2020-04-16 22:44:42,0.0,0.0
297,Sambava,-14.27,50.17,light rain,74.32,87,14,8.3,MG,2020-04-16 22:48:55,1.26,0.0
298,Balkanabat,39.51,54.37,scattered clouds,60.49,47,27,3.67,TM,2020-04-16 22:48:55,0.0,0.0
299,Baiyin,36.56,104.21,overcast clouds,45.0,31,91,6.71,CN,2020-04-16 22:48:56,0.0,0.0
300,Panama City,8.99,-79.52,scattered clouds,89.6,88,40,8.05,PA,2020-04-16 22:47:12,0.0,0.0
301,Riyadh,24.69,46.72,clear sky,69.8,49,0,2.24,SA,2020-04-16 22:44:30,0.0,0.0
302,Bilibino,68.05,166.44,broken clouds,12.47,84,70,2.51,RU,2020-04-16 22:48:56,0.0,0.0
303,Hami,42.8,93.45,overcast clouds,63.54,22,95,9.64,CN,2020-04-16 22:48:56,0.0,0.0
304,Cayenne,4.93,-52.33,light rain,78.8,83,92,4.7,GF,2020-04-16 22:48:57,0.16,0.0
305,Beringovskiy,63.05,179.32,light snow,24.93,96,97,18.07,RU,2020-04-16 22:48:57,0.0,0.23
306,Kasongo-Lunda,-6.47,16.82,light rain,72.5,78,100,0.98,CD,2020-04-16 22:48:57,2.53,0.0
307,Zhuhai,22.28,113.57,scattered clouds,73.99,100,40,3.36,CN,2020-04-16 22:48:57,0.0,0.0
308,Kamenka,51.32,42.77,light rain,44.01,88,78,5.99,RU,2020-04-16 22:48:57,0.17,0.0
309,Bardiyah,31.76,25.09,clear sky,57.47,74,1,8.59,LY,2020-04-16 22:48:58,0.0,0.0
310,Esperance,-33.87,121.9,broken clouds,53.6,87,75,8.05,AU,2020-04-16 22:48:58,0.0,0.0
311,Pocone,-16.26,-56.62,clear sky,71.35,62,6,5.82,BR,2020-04-16 22:48:58,0.0,0.0
312,Torbay,47.67,-52.73,light rain,37.0,86,90,20.8,CA,2020-04-16 22:48:58,0.0,0.0
313,Cascais,38.7,-9.42,broken clouds,61.0,93,75,13.87,PT,2020-04-16 22:48:59,0.0,0.0
314,Kargasok,59.06,80.86,broken clouds,33.28,95,68,3.06,RU,2020-04-16 22:48:59,0.0,0.0
315,Nalut,30.33,10.85,broken clouds,72.05,43,61,9.8,LY,2020-04-16 22:48:59,0.0,0.0
316,Trelew,-43.25,-65.31,broken clouds,76.77,34,82,10.56,AR,2020-04-16 22:48:59,0.0,0.0
317,Bata,1.86,9.77,thunderstorm with heavy rain,77.0,100,90,21.92,GQ,2020-04-16 22:48:59,0.0,0.0
318,Plyussa,58.43,29.37,broken clouds,34.7,94,78,11.48,RU,2020-04-16 22:49:00,0.0,0.0
319,Klaksvik,62.23,-6.59,broken clouds,39.2,86,51,10.54,FO,2020-04-16 22:49:00,0.0,0.0
320,Bredy,52.42,60.34,light rain,42.4,80,100,10.78,RU,2020-04-16 22:49:00,1.11,0.0
321,Thompson,55.74,-97.86,light snow,28.4,50,75,9.17,CA,2020-04-16 22:47:56,0.0,0.0
322,Oranjemund,-28.55,16.43,clear sky,55.96,82,5,6.38,NA,2020-04-16 22:49:01,0.0,0.0
323,Lansing,42.73,-84.56,broken clouds,41.0,40,75,18.34,US,2020-04-16 22:47:44,0.0,0.0
324,La Paz,-16.5,-68.15,scattered clouds,50.0,43,40,11.41,BO,2020-04-16 22:45:02,0.0,0.0
325,Nome,64.5,-165.41,light rain,34.0,100,90,16.11,US,2020-04-16 22:49:01,0.0,0.0
326,Jalu,29.03,21.55,broken clouds,66.31,38,82,7.96,LY,2020-04-16 22:49:01,0.0,0.0
327,Hofn,64.25,-15.21,scattered clouds,40.71,69,39,12.82,IS,2020-04-16 22:49:02,0.0,0.0
328,Corn Island,12.17,-83.04,clear sky,81.81,75,1,15.21,NI,2020-04-16 22:49:02,0.0,0.0
329,Rio Gallegos,-51.62,-69.22,light rain,60.8,51,75,10.29,AR,2020-04-16 22:44:51,0.0,0.0
330,Prince Rupert,54.32,-130.32,overcast clouds,46.4,93,90,3.36,CA,2020-04-16 22:49:02,0.0,0.0
331,Severnoye,56.35,78.36,clear sky,37.6,87,2,4.32,RU,2020-04-16 22:49:02,0.0,0.0
332,Dourados,-22.22,-54.81,clear sky,58.84,54,0,6.51,BR,2020-04-16 22:45:05,0.0,0.0
333,Salinopolis,-0.61,-47.36,overcast clouds,81.18,78,94,4.85,BR,2020-04-16 22:44:52,0.0,0.0
334,Ladario,-19.0,-57.6,clear sky,66.06,49,0,4.32,BR,2020-04-16 22:49:03,0.0,0.0
335,Dombasle-Sur-Meurthe,48.63,6.35,broken clouds,59.0,71,54,2.24,FR,2020-04-16 22:49:03,0.0,0.0
336,Saldanha,-33.01,17.94,broken clouds,59.0,87,83,2.24,ZA,2020-04-16 22:44:23,0.0,0.0
337,Yeniseysk,58.45,92.17,scattered clouds,34.81,87,48,0.83,RU,2020-04-16 22:49:03,0.0,0.0
338,Hovd,48.01,91.64,light snow,40.19,48,100,3.36,MN,2020-04-16 22:49:04,0.0,0.27
339,Porto Novo,6.5,2.6,scattered clouds,86.0,84,40,11.41,BJ,2020-04-16 22:49:04,0.0,0.0
340,Chiman,32.55,73.81,smoke,77.0,69,40,2.51,PK,2020-04-16 22:49:04,0.0,0.0
341,Remanso,-9.62,-42.08,light rain,75.97,73,23,6.02,BR,2020-04-16 22:49:04,0.28,0.0
342,Alice Springs,-23.7,133.88,broken clouds,62.6,59,66,5.82,AU,2020-04-16 22:49:04,0.0,0.0
343,Mangai,-4.05,19.53,light rain,73.4,85,99,1.99,CD,2020-04-16 22:49:04,0.17,0.0
344,Whitehorse,60.72,-135.05,light intensity shower rain,51.8,53,75,3.36,CA,2020-04-16 22:49:05,0.0,0.0
345,Vilhena,-12.74,-60.15,scattered clouds,75.2,88,40,6.93,BR,2020-04-16 22:47:58,0.0,0.0
346,Kununurra,-15.77,128.73,overcast clouds,73.4,94,97,3.36,AU,2020-04-16 22:49:05,0.0,0.0
347,Tukrah,32.53,20.58,clear sky,56.25,78,2,12.86,LY,2020-04-16 22:49:05,0.0,0.0
348,Sur,22.57,59.53,scattered clouds,79.84,58,42,5.73,OM,2020-04-16 22:49:05,0.0,0.0
349,Kadoshkino,54.03,44.42,light rain,38.89,87,100,14.94,RU,2020-04-16 22:49:05,1.36,0.0
350,Touros,-5.2,-35.46,few clouds,78.8,88,20,4.7,BR,2020-04-16 22:48:07,0.0,0.0
351,Otukpo,7.19,8.13,scattered clouds,83.01,69,47,10.65,NG,2020-04-16 22:49:06,0.0,0.0
352,Constitucion,-35.33,-72.42,scattered clouds,56.01,82,33,5.53,CL,2020-04-16 22:49:06,0.0,0.0
353,Garden City,42.33,-83.33,scattered clouds,44.01,33,40,17.22,US,2020-04-16 22:49:06,0.0,0.0
354,Vao,-22.67,167.48,few clouds,74.79,63,22,9.84,NC,2020-04-16 22:49:06,0.0,0.0
355,Chivilcoy,-34.9,-60.02,clear sky,60.01,61,0,5.91,AR,2020-04-16 22:49:06,0.0,0.0
356,Todos Santos,23.45,-110.22,broken clouds,84.99,41,75,12.75,MX,2020-04-16 22:46:03,0.0,0.0
357,Chara,56.91,118.26,light snow,27.28,77,74,6.46,RU,2020-04-16 22:49:07,0.0,0.49
358,Hasaki,35.73,140.83,broken clouds,51.01,70,75,10.29,JP,2020-04-16 22:49:07,0.0,0.0
359,Bryan,30.67,-96.37,clear sky,77.0,41,1,10.29,US,2020-04-16 22:45:30,0.0,0.0
360,High River,50.58,-113.87,few clouds,48.99,16,20,5.82,CA,2020-04-16 22:49:07,0.0,0.0
361,Jumla,29.27,82.18,overcast clouds,48.13,25,85,3.56,NP,2020-04-16 22:49:07,0.0,0.0
362,Rizhao,35.43,119.46,few clouds,60.78,39,12,10.42,CN,2020-04-16 22:44:12,0.0,0.0
363,Asau,46.43,26.4,scattered clouds,50.0,53,28,6.93,RO,2020-04-16 22:49:08,0.0,0.0
364,Lorengau,-2.02,147.27,moderate rain,82.04,77,99,6.6,PG,2020-04-16 22:44:08,3.3,0.0
365,Bethlehem,-1.46,-48.5,thunderstorm,80.6,83,20,2.24,BR,2020-04-16 22:46:20,0.0,0.0
366,Horadiz,39.45,47.34,broken clouds,50.0,87,51,18.34,AZ,2020-04-16 22:49:08,0.0,0.0
367,Sitka,57.05,-135.33,mist,46.4,93,90,5.82,US,2020-04-16 22:49:09,0.0,0.0
368,Trairi,-3.28,-39.27,light rain,79.88,84,45,8.05,BR,2020-04-16 22:49:09,0.49,0.0
369,Pitimbu,-7.47,-34.81,broken clouds,77.0,94,75,4.7,BR,2020-04-16 22:49:09,0.0,0.0
370,Flinders,-34.58,150.86,clear sky,73.0,55,3,12.75,AU,2020-04-16 22:49:09,0.0,0.0
371,Roma,43.21,-75.46,broken clouds,37.99,37,75,17.22,US,2020-04-16 22:48:10,0.0,0.0
372,Great Falls,47.5,-111.3,clear sky,42.01,32,1,12.75,US,2020-04-16 22:44:25,0.0,0.0
373,Strakonice,49.26,13.9,broken clouds,50.0,57,62,5.59,CZ,2020-04-16 22:49:10,0.0,0.0
374,Wahiawa,21.5,-158.02,broken clouds,82.4,65,75,16.11,US,2020-04-16 22:49:10,0.0,0.0
375,Garissa,-0.45,39.64,broken clouds,80.15,72,74,10.04,KE,2020-04-16 22:49:10,0.0,0.0
376,Japura,-0.32,102.35,overcast clouds,74.95,95,100,1.14,ID,2020-04-16 22:49:10,0.0,0.0
377,Sao Joao Da Barra,-21.64,-41.05,broken clouds,74.48,91,59,9.42,BR,2020-04-16 22:49:10,0.0,0.0
378,Paamiut,61.99,-49.67,light snow,27.43,92,93,11.32,GL,2020-04-16 22:49:11,0.0,0.2
379,Mayumba,-3.43,10.66,light rain,79.16,81,100,2.66,GA,2020-04-16 22:49:11,0.19,0.0
380,Palu,-0.89,119.87,scattered clouds,82.74,69,29,2.84,ID,2020-04-16 22:49:11,0.0,0.0
381,Baeza,37.99,-3.47,overcast clouds,55.99,71,100,1.01,ES,2020-04-16 22:49:11,0.0,0.0
382,Dryden,49.78,-92.75,overcast clouds,32.0,74,90,10.29,CA,2020-04-16 22:49:11,0.0,0.0
383,Pokhara,28.23,83.98,scattered clouds,62.85,33,35,3.65,NP,2020-04-16 22:44:29,0.0,0.0
384,Maceio,-9.67,-35.74,scattered clouds,77.0,94,40,5.82,BR,2020-04-16 22:44:45,0.0,0.0
385,Tarrega,41.65,1.14,overcast clouds,59.0,81,98,14.99,ES,2020-04-16 22:49:12,0.0,0.0
386,Tanout,14.97,8.89,overcast clouds,79.43,13,92,9.71,NE,2020-04-16 22:49:12,0.0,0.0
387,Aksu,41.12,80.26,light rain,54.9,43,100,10.45,CN,2020-04-16 22:44:53,0.57,0.0
388,Matamoros,25.53,-103.25,broken clouds,91.4,10,75,6.93,MX,2020-04-16 22:49:12,0.0,0.0
389,Voi,-3.39,38.56,overcast clouds,73.06,72,92,5.66,KE,2020-04-16 22:49:12,0.0,0.0
390,Lixourion,38.2,20.43,clear sky,53.01,23,0,3.0,GR,2020-04-16 22:49:13,0.0,0.0
391,Caravelas,-17.71,-39.25,light rain,78.21,86,30,6.73,BR,2020-04-16 22:49:13,0.11,0.0
392,Dickinson,29.46,-95.05,scattered clouds,75.2,53,40,17.22,US,2020-04-16 22:47:56,0.0,0.0
393,Acajutla,13.59,-89.83,clear sky,81.0,86,8,1.99,SV,2020-04-16 22:49:13,0.0,0.0
394,Madras,13.09,80.28,scattered clouds,82.99,83,40,3.36,IN,2020-04-16 22:47:49,0.0,0.0
395,Madang,-5.22,145.8,light rain,83.35,72,93,3.11,PG,2020-04-16 22:49:14,1.81,0.0
396,Ak-Dovurak,51.18,90.6,light rain,40.3,51,49,0.85,RU,2020-04-16 22:49:14,0.24,0.0
397,Andenes,69.31,16.12,light snow,33.8,86,92,4.7,NO,2020-04-16 22:49:14,0.0,0.68
398,Longyearbyen,78.22,15.64,scattered clouds,28.4,79,40,4.56,SJ,2020-04-16 22:46:09,0.0,0.0
399,Boyolangu,-8.12,111.89,light rain,79.79,81,69,3.2,ID,2020-04-16 22:49:14,0.23,0.0
400,Doha,25.29,51.53,clear sky,72.0,88,0,3.36,QA,2020-04-16 22:44:46,0.0,0.0
401,Poum,-20.23,164.02,clear sky,78.42,79,8,9.6,NC,2020-04-16 22:49:15,0.0,0.0
402,Victor Harbor,-35.57,138.62,light intensity shower rain,60.8,72,75,18.34,AU,2020-04-16 22:49:15,0.0,0.0
403,Nampula,-15.12,39.27,clear sky,73.4,94,6,4.7,MZ,2020-04-16 22:49:15,0.0,0.0
404,Zdvinsk,54.7,78.66,scattered clouds,40.42,79,47,4.36,RU,2020-04-16 22:49:15,0.0,0.0
405,Punahana,27.87,77.2,overcast clouds,91.99,2,100,5.93,IN,2020-04-16 22:49:16,0.0,0.0
406,Huambo,-12.78,15.74,few clouds,59.29,57,14,2.28,AO,2020-04-16 22:49:16,0.0,0.0
407,Senador Guiomard,-10.15,-67.74,overcast clouds,71.6,100,90,5.82,BR,2020-04-16 22:49:16,0.0,0.0
408,Taltal,-25.4,-70.48,clear sky,64.49,69,4,3.98,CL,2020-04-16 22:49:17,0.0,0.0
409,Naze,28.37,129.48,scattered clouds,62.6,88,40,2.24,JP,2020-04-16 22:49:17,0.0,0.0
410,Sumbawanga,-7.97,31.62,light rain,59.74,59,97,4.32,TZ,2020-04-16 22:49:17,1.26,0.0
411,Minuri,16.54,121.86,light rain,79.7,72,86,0.69,PH,2020-04-16 22:49:18,0.13,0.0
412,Kavieng,-2.57,150.8,heavy intensity rain,77.56,92,100,20.78,PG,2020-04-16 22:49:18,13.42,0.0
413,Marsh Harbour,26.54,-77.06,light rain,75.76,88,57,20.22,BS,2020-04-16 22:49:18,0.67,0.0
414,Belaya Gora,68.53,146.42,overcast clouds,1.08,92,100,8.84,RU,2020-04-16 22:49:19,0.0,0.0
415,Vanavara,60.34,102.28,snow,32.79,85,100,10.47,RU,2020-04-16 22:49:19,0.0,2.72
416,Alzey,49.75,8.12,clear sky,62.01,62,1,2.15,DE,2020-04-16 22:49:19,0.0,0.0
417,Namwala,-15.75,26.44,clear sky,66.96,56,5,2.89,ZM,2020-04-16 22:49:19,0.0,0.0
418,Jati,24.35,68.27,overcast clouds,79.09,67,100,10.92,PK,2020-04-16 22:49:19,0.0,0.0
419,Sindor,62.86,51.89,light snow,32.81,88,100,11.32,RU,2020-04-16 22:49:19,0.0,0.37
420,Emerald,-23.53,148.17,clear sky,73.99,83,0,5.82,AU,2020-04-16 22:49:20,0.0,0.0
421,Kuldur,49.22,131.63,clear sky,54.16,32,0,2.42,RU,2020-04-16 22:49:20,0.0,0.0
422,Mishkino,55.34,63.92,overcast clouds,47.62,50,100,18.57,RU,2020-04-16 22:49:20,0.0,0.0
423,Ossora,59.24,163.07,few clouds,28.22,94,16,3.87,RU,2020-04-16 22:49:20,0.0,0.0
424,Grants Pass,42.44,-123.33,clear sky,73.4,10,1,14.99,US,2020-04-16 22:45:38,0.0,0.0
425,Nhamunda,-2.19,-56.71,light rain,75.81,93,80,1.03,BR,2020-04-16 22:49:20,0.98,0.0
426,Margate,51.38,1.39,clear sky,51.01,81,0,8.05,GB,2020-04-16 22:49:21,0.0,0.0
427,Pahalgam,34.03,75.33,overcast clouds,39.09,26,93,5.61,IN,2020-04-16 22:49:21,0.0,0.0
428,Xingyi,24.19,102.82,scattered clouds,60.66,42,41,3.85,CN,2020-04-16 22:49:21,0.0,0.0
429,Saint-Joseph,-21.37,55.62,light rain,75.2,69,19,16.11,RE,2020-04-16 22:49:21,0.14,0.0
430,Mahibadhoo,3.78,72.97,scattered clouds,85.35,67,33,5.77,MV,2020-04-16 22:49:22,0.0,0.0
431,Kemi,65.86,24.82,overcast clouds,32.0,95,100,9.17,FI,2020-04-16 22:49:22,0.0,0.0
432,Mitrofanovka,49.97,39.69,light rain,42.44,73,76,14.88,RU,2020-04-16 22:49:22,0.19,0.0
433,Okhotsk,59.38,143.3,few clouds,23.36,84,18,9.28,RU,2020-04-16 22:49:22,0.0,0.0
434,Kamaishi,39.27,141.88,clear sky,47.43,54,3,3.76,JP,2020-04-16 22:49:22,0.0,0.0
435,Ostersund,63.18,14.64,scattered clouds,33.01,85,31,23.04,SE,2020-04-16 22:44:41,0.0,0.0
436,Port-Gentil,-0.72,8.78,thunderstorm with light rain,80.6,94,40,2.24,GA,2020-04-16 22:49:23,0.0,0.0
437,Iskateley,67.68,53.15,overcast clouds,29.91,96,100,12.8,RU,2020-04-16 22:49:23,0.0,0.0
438,Tastur,36.55,9.44,few clouds,62.6,88,11,1.57,TN,2020-04-16 22:49:23,0.0,0.0
439,Longyan,25.11,117.02,clear sky,64.99,99,0,2.28,CN,2020-04-16 22:49:23,0.0,0.0
440,Pimentel,-6.84,-79.93,few clouds,66.2,29,17,26.4,PE,2020-04-16 22:49:23,0.0,0.0
441,Severo-Kurilsk,50.68,156.12,overcast clouds,31.28,95,96,13.29,RU,2020-04-16 22:49:24,0.0,0.0
442,Palmares Do Sul,-30.26,-50.51,clear sky,62.02,84,6,4.03,BR,2020-04-16 22:49:24,0.0,0.0
443,Laguna,38.42,-121.42,clear sky,82.0,34,1,4.7,US,2020-04-16 22:49:24,0.0,0.0
444,Te Anau,-45.42,167.72,light rain,55.99,71,85,4.54,NZ,2020-04-16 22:49:24,0.51,0.0
445,Isangel,-19.55,169.27,scattered clouds,78.39,76,46,16.31,VU,2020-04-16 22:49:24,0.0,0.0
446,Grand Gaube,-20.01,57.66,scattered clouds,75.2,73,40,12.75,MU,2020-04-16 22:49:25,0.0,0.0
447,Hauterive,46.09,3.45,overcast clouds,59.0,47,85,6.93,FR,2020-04-16 22:49:25,0.0,0.0
448,Broome,42.25,-75.83,overcast clouds,37.0,50,90,12.75,US,2020-04-16 22:49:25,0.0,0.0
449,Nchelenge,-9.35,28.73,light rain,71.4,65,100,4.59,ZM,2020-04-16 22:49:25,1.47,0.0
450,Sale,34.04,-6.82,scattered clouds,63.0,93,40,4.7,MA,2020-04-16 22:45:44,0.0,0.0
451,Umm Lajj,25.02,37.27,scattered clouds,75.56,38,25,3.4,SA,2020-04-16 22:49:26,0.0,0.0
452,Rassvet,46.83,40.75,broken clouds,45.61,64,66,26.31,RU,2020-04-16 22:49:26,0.0,0.0
453,Bud,39.45,-86.18,broken clouds,48.99,45,75,6.93,US,2020-04-16 22:49:26,0.0,0.0
454,Alexandria,31.22,29.96,scattered clouds,64.4,77,40,13.87,EG,2020-04-16 22:49:26,0.0,0.0
455,Igrim,63.19,64.42,light rain,41.47,94,100,11.61,RU,2020-04-16 22:49:26,1.87,0.0
456,Sakti,22.03,82.97,scattered clouds,80.22,23,25,2.06,IN,2020-04-16 22:49:26,0.0,0.0
457,Marystown,47.17,-55.15,scattered clouds,31.93,89,50,19.33,CA,2020-04-16 22:49:27,0.0,0.0
458,Maldonado,-34.67,-54.92,broken clouds,64.4,88,75,5.82,UY,2020-04-16 22:49:26,0.0,0.0
459,Ust-Ishim,57.69,71.17,overcast clouds,43.21,77,100,8.01,RU,2020-04-16 22:49:27,0.0,0.0
460,Melo,-32.37,-54.18,light rain,61.21,89,65,6.08,UY,2020-04-16 22:49:27,0.29,0.0
461,Katsuura,35.13,140.3,broken clouds,51.01,66,75,8.05,JP,2020-04-16 22:49:27,0.0,0.0
462,Vibo Valentia,38.7,16.13,scattered clouds,57.0,100,33,5.82,IT,2020-04-16 22:49:27,0.0,0.0
463,Kjollefjord,70.95,27.35,light snow,34.18,93,100,18.99,NO,2020-04-16 22:49:28,0.0,0.64
464,Alvaraes,-3.22,-64.8,scattered clouds,82.4,83,40,3.36,BR,2020-04-16 22:49:28,0.0,0.0
465,Husavik,66.04,-17.34,scattered clouds,41.0,65,37,21.92,IS,2020-04-16 22:49:28,0.0,0.0
466,Sovetskiy,61.36,63.58,light rain,42.8,92,100,9.26,RU,2020-04-16 22:49:28,0.9,0.0
467,Kibuye,-2.06,29.35,light rain,65.39,51,100,0.58,RW,2020-04-16 22:49:28,2.24,0.0
468,Bitung,1.45,125.18,few clouds,73.4,100,20,3.36,ID,2020-04-16 22:49:28,0.0,0.0
469,Yarmouth,41.71,-70.23,overcast clouds,45.0,52,90,16.51,US,2020-04-16 22:48:39,0.0,0.0
470,Hay River,60.82,-115.8,broken clouds,42.8,52,75,5.82,CA,2020-04-16 22:49:29,0.0,0.0
471,Oranjestad,12.52,-70.03,few clouds,84.2,66,20,19.46,AW,2020-04-16 22:49:29,0.0,0.0
472,Namibe,-15.2,12.15,clear sky,75.2,61,0,5.41,AO,2020-04-16 22:49:29,0.0,0.0
473,Quang Ngai,15.12,108.8,overcast clouds,76.3,80,95,5.14,VN,2020-04-16 22:49:29,0.0,0.0
474,Independence,39.09,-94.42,light rain,48.99,61,90,13.87,US,2020-04-16 22:49:30,0.0,0.0
475,Maltahohe,-24.83,16.98,overcast clouds,61.74,17,89,9.86,NA,2020-04-16 22:49:30,0.0,0.0
476,Lagoa,39.05,-27.98,light rain,59.43,81,7,13.82,PT,2020-04-16 22:49:30,0.24,0.0
477,Inhambane,-23.86,35.38,scattered clouds,76.51,85,48,5.7,MZ,2020-04-16 22:49:30,0.0,0.0
478,Milkovo,54.72,158.62,overcast clouds,35.62,75,97,2.55,RU,2020-04-16 22:49:30,0.0,0.0
479,Putol,13.99,120.73,few clouds,82.4,74,20,3.36,PH,2020-04-16 22:49:31,0.0,0.0
480,Yatou,37.15,122.38,light rain,53.58,70,15,10.13,CN,2020-04-16 22:49:31,0.15,0.0
481,Portoferraio,42.81,10.31,clear sky,57.0,82,4,4.7,IT,2020-04-16 22:49:31,0.0,0.0
482,Kerouane,9.27,-9.02,few clouds,79.54,46,14,1.41,GN,2020-04-16 22:49:31,0.0,0.0
483,Whyalla,-33.03,137.58,few clouds,50.0,87,15,5.82,AU,2020-04-16 22:49:31,0.0,0.0
484,Zinder,13.81,8.99,clear sky,79.68,13,0,10.16,NE,2020-04-16 22:49:31,0.0,0.0
485,Scoarta,45.02,23.45,scattered clouds,46.11,64,37,1.16,RO,2020-04-16 22:49:32,0.0,0.0
486,Vavatenina,-17.47,49.2,light rain,71.01,85,57,5.61,MG,2020-04-16 22:49:32,1.29,0.0
487,Punta Alta,-38.88,-62.07,scattered clouds,65.68,52,28,11.68,AR,2020-04-16 22:46:39,0.0,0.0
488,Ribeira Brava,32.65,-17.07,few clouds,62.6,63,20,6.93,PT,2020-04-16 22:49:32,0.0,0.0
489,Oktyabrskiy,54.48,53.47,scattered clouds,35.11,81,37,11.18,RU,2020-04-16 22:49:33,0.0,0.0
490,Nioro,13.35,-15.75,scattered clouds,79.88,35,33,4.09,GM,2020-04-16 22:49:33,0.0,0.0
491,Bobo Dioulasso,11.18,-4.3,dust,91.4,33,30,5.12,BF,2020-04-16 22:47:43,0.0,0.0
492,Baijiantan,45.63,85.18,overcast clouds,53.28,66,97,3.94,CN,2020-04-16 22:49:33,0.0,0.0
493,Guerrero Negro,27.98,-114.06,overcast clouds,72.0,35,100,14.79,MX,2020-04-16 22:49:33,0.0,0.0
494,Eyl,7.98,49.82,light rain,83.16,75,4,9.17,SO,2020-04-16 22:49:34,0.21,0.0
495,Russell,32.35,-85.2,clear sky,72.0,24,1,4.7,US,2020-04-16 22:49:34,0.0,0.0
496,Talaya,61.38,152.75,light snow,10.96,86,100,7.54,RU,2020-04-16 22:49:34,0.0,0.56
497,Luchenza,-16.01,35.31,clear sky,67.8,68,5,3.24,MW,2020-04-16 22:49:34,0.0,0.0
498,Goryachegorsk,55.41,88.92,light snow,34.07,78,95,5.17,RU,2020-04-16 22:49:34,0.0,0.25
499,Komsomolskiy,40.43,71.72,broken clouds,50.0,76,65,0.74,UZ,2020-04-16 22:49:34,0.0,0.0
500,Sao Jose Da Coroa Grande,-8.9,-35.15,moderate rain,81.21,80,97,12.26,BR,2020-04-16 22:49:35,6.16,0.0
501,Ancud,-41.87,-73.82,overcast clouds,59.0,100,90,20.8,CL,2020-04-16 22:49:35,0.0,0.0
502,Rio Grande,-32.03,-52.1,clear sky,63.0,84,7,12.71,BR,2020-04-16 22:48:43,0.0,0.0
503,Viedma,-40.81,-63.0,broken clouds,71.35,37,63,16.4,AR,2020-04-16 22:49:35,0.0,0.0
504,Beterou,9.2,2.26,few clouds,85.91,49,15,5.21,BJ,2020-04-16 22:49:35,0.0,0.0
505,Letlhakane,-21.42,25.58,clear sky,69.22,17,0,9.84,BW,2020-04-16 22:49:36,0.0,0.0
506,Makakilo City,21.35,-158.09,broken clouds,82.4,65,75,16.11,US,2020-04-16 22:49:36,0.0,0.0
507,Aripuana,-9.17,-60.63,light rain,72.95,93,43,1.79,BR,2020-04-16 22:49:36,0.12,0.0
508,Srednekolymsk,67.45,153.68,overcast clouds,6.75,92,100,9.95,RU,2020-04-16 22:49:36,0.0,0.0
509,Sechura,-5.56,-80.82,broken clouds,75.79,68,66,17.11,PE,2020-04-16 22:49:36,0.0,0.0
510,Elban,50.1,136.51,clear sky,49.24,45,0,7.36,RU,2020-04-16 22:49:37,0.0,0.0
511,Patan,27.67,85.33,broken clouds,64.4,93,75,2.24,NP,2020-04-16 22:49:37,0.0,0.0
512,Dudinka,69.41,86.18,overcast clouds,21.2,73,92,17.9,RU,2020-04-16 22:49:37,0.0,0.0
513,Springboro,39.55,-84.23,few clouds,51.8,31,20,11.41,US,2020-04-16 22:48:02,0.0,0.0
514,Amapa,1.0,-52.0,light rain,75.31,87,88,2.77,BR,2020-04-16 22:49:38,2.44,0.0
515,Tazovskiy,67.47,78.7,broken clouds,19.63,98,68,2.64,RU,2020-04-16 22:49:38,0.0,0.0
516,Sisimiut,66.94,-53.67,light snow,26.8,91,99,11.79,GL,2020-04-16 22:49:38,0.0,0.16
517,Hermosillo,29.07,-110.97,overcast clouds,86.0,17,100,11.01,MX,2020-04-16 22:49:38,0.0,0.0
518,Angoche,-16.23,39.91,light rain,77.41,81,0,2.24,MZ,2020-04-16 22:49:38,0.11,0.0
519,El Tocuyo,9.79,-69.79,few clouds,86.0,48,20,6.93,VE,2020-04-16 22:49:38,0.0,0.0
520,Erenhot,43.65,111.98,clear sky,44.98,37,0,5.06,CN,2020-04-16 22:49:39,0.0,0.0
521,Scottsboro,34.67,-86.03,clear sky,68.0,29,1,1.92,US,2020-04-16 22:47:46,0.0,0.0
522,Ingham,42.6,-84.38,broken clouds,42.01,34,75,10.29,US,2020-04-16 22:49:39,0.0,0.0
523,Yuncheng,35.02,110.99,few clouds,58.91,29,18,3.62,CN,2020-04-16 22:49:39,0.0,0.0
524,Batagay,67.63,134.63,overcast clouds,2.64,87,100,8.81,RU,2020-04-16 22:49:39,0.0,0.0
525,Zhangjiakou,40.81,114.88,broken clouds,45.59,45,64,19.15,CN,2020-04-16 22:49:40,0.0,0.0
526,Guangyuan,32.44,105.82,overcast clouds,54.0,51,91,6.49,CN,2020-04-16 22:49:40,0.0,0.0
527,Arona,28.1,-16.68,scattered clouds,68.0,72,40,3.36,ES,2020-04-16 22:49:40,0.0,0.0
528,Hobyo,5.35,48.53,broken clouds,84.02,76,65,11.68,SO,2020-04-16 22:49:40,0.0,0.0
529,Sabang,5.89,95.32,light rain,82.44,77,100,6.76,ID,2020-04-16 22:49:40,2.42,0.0
530,Mangrol,21.12,70.12,scattered clouds,78.71,64,39,10.67,IN,2020-04-16 22:49:41,0.0,0.0
531,Manzanillo,20.34,-77.12,light rain,80.35,76,64,4.07,CU,2020-04-16 22:49:41,0.18,0.0
532,Khandyga,62.67,135.6,scattered clouds,4.33,84,41,4.54,RU,2020-04-16 22:49:41,0.0,0.0
533,Fort-Shevchenko,44.51,50.26,few clouds,47.62,76,17,10.42,KZ,2020-04-16 22:49:41,0.0,0.0
534,Cururupu,-1.83,-44.87,broken clouds,78.35,87,79,3.27,BR,2020-04-16 22:49:41,0.0,0.0
535,Narsaq,60.92,-46.05,overcast clouds,32.0,91,100,4.63,GL,2020-04-16 22:49:42,0.0,0.0
536,Mareeba,-17.0,145.43,scattered clouds,79.0,78,40,2.24,AU,2020-04-16 22:49:42,0.0,0.0
537,Belmonte,-15.86,-38.88,few clouds,80.6,78,20,4.7,BR,2020-04-16 22:49:42,0.0,0.0
538,Trenggalek,-8.05,111.72,light rain,79.47,81,72,2.1,ID,2020-04-16 22:49:42,0.5,0.0
539,Coihaique,-45.58,-72.07,overcast clouds,59.0,93,90,5.82,CL,2020-04-16 22:49:42,0.0,0.0
540,Havelock,34.88,-76.9,clear sky,68.0,27,1,12.75,US,2020-04-16 22:49:42,0.0,0.0
541,Korla,41.76,86.15,light rain,58.39,43,100,9.95,CN,2020-04-16 22:49:43,0.62,0.0
542,Aketi,2.74,23.78,scattered clouds,75.92,63,46,1.25,CD,2020-04-16 22:49:43,0.0,0.0
543,Sciacca,37.51,13.09,few clouds,53.6,93,20,8.05,IT,2020-04-16 22:49:43,0.0,0.0
544,Sinnamary,5.38,-52.95,light rain,79.54,85,98,11.34,GF,2020-04-16 22:49:43,0.14,0.0
545,Marawi,8.0,124.29,broken clouds,77.61,58,55,1.5,PH,2020-04-16 22:49:44,0.0,0.0
546,Ulladulla,-35.35,150.47,scattered clouds,64.4,55,44,12.75,AU,2020-04-16 22:49:44,0.0,0.0
547,Cockburn Town,21.46,-71.14,clear sky,79.09,80,7,13.91,TC,2020-04-16 22:49:44,0.0,0.0
548,Half Moon Bay,37.46,-122.43,overcast clouds,73.0,82,90,5.82,US,2020-04-16 22:49:44,0.0,0.0
549,Krasnoselkup,65.7,82.47,overcast clouds,31.6,99,99,2.71,RU,2020-04-16 22:49:44,0.0,0.0
550,Manta,-0.95,-80.73,scattered clouds,82.4,78,40,8.05,EC,2020-04-16 22:49:45,0.0,0.0
551,Tilichiki,60.47,166.1,clear sky,17.64,93,2,9.15,RU,2020-04-16 22:49:45,0.0,0.0
552,Changji,44.02,87.32,broken clouds,51.8,81,75,4.47,CN,2020-04-16 22:49:45,0.0,0.0
553,Mildura,-34.2,142.15,clear sky,55.99,71,7,5.82,AU,2020-04-16 22:49:45,0.0,0.0
554,Mosalsk,54.49,34.98,light snow,34.56,89,84,15.12,RU,2020-04-16 22:49:45,0.0,0.98
555,Orizona,-17.03,-48.3,light rain,66.78,75,98,5.57,BR,2020-04-16 22:49:45,0.15,0.0
556,Bada,51.39,109.87,clear sky,44.11,39,0,2.68,RU,2020-04-16 22:49:46,0.0,0.0
557,Castelbuono,37.93,14.09,broken clouds,55.99,93,56,2.15,IT,2020-04-16 22:49:46,0.0,0.0
558,Meridian,43.61,-116.39,clear sky,57.99,19,1,5.82,US,2020-04-16 22:49:46,0.0,0.0
559,Aswan,24.09,32.91,broken clouds,75.13,19,66,12.5,EG,2020-04-16 22:49:46,0.0,0.0
560,Dunedin,-45.87,170.5,moderate rain,48.99,79,100,11.36,NZ,2020-04-16 22:49:46,3.77,0.0
561,Pemba,-12.97,40.52,light rain,79.79,79,51,11.34,MZ,2020-04-16 22:49:47,0.13,0.0
562,Estevan,49.13,-102.98,light rain,37.4,44,90,16.11,CA,2020-04-16 22:45:21,0.0,0.0
563,Aklavik,68.22,-135.01,light snow,33.8,86,90,16.11,CA,2020-04-16 22:49:47,0.0,0.0
564,Palmer,42.16,-72.33,scattered clouds,44.6,26,40,17.22,US,2020-04-16 22:49:47,0.0,0.0
565,Nkhata Bay,-11.61,34.29,light rain,74.73,66,9,2.51,MW,2020-04-16 22:49:47,0.12,0.0
566,Rengo,-34.42,-70.87,broken clouds,75.2,31,53,6.93,CL,2020-04-16 22:48:22,0.0,0.0
567,Henties Bay,-22.12,14.28,clear sky,55.99,89,5,1.01,NA,2020-04-16 22:49:48,0.0,0.0
